INSERT INTO `master_user` (`UserID`, `UserTypeID`, `UserName`, `UserLogin`, `UserPassword`, `IsActive`, `CreatedDate`, `CreatedBy`, `ModifiedDate`, `ModifiedBy`) VALUES
(2, 1, 'Enny', 'enny', 'c4ca4238a0b923820dcc509a6f75849b', 1, '2018-06-05 06:37:50', 'Admin1', NULL, NULL),
(3, 2, 'zulfa', 'zulfa', '827ccb0eea8a706c4c34a16891f84e7b', 1, '2018-06-08 23:56:06', 'Admin1', NULL, NULL);

INSERT INTO `master_role` (`RoleID`, `UserID`, `MenuID`, `EditFlag`, `DeleteFlag`) VALUES
(71, 2, 8, 1, 1),
(72, 2, 9, 1, 1),
(73, 2, 10, 1, 1),
(74, 2, 11, 1, 1),
(75, 2, 12, 1, 1),
(76, 2, 13, 1, 1),
(77, 2, 14, 1, 1),
(78, 2, 15, 1, 1),
(79, 2, 16, 1, 1),
(80, 2, 17, 1, 1),
(81, 2, 18, 1, 1);

INSERT INTO `master_category` (`CategoryID`, `CategoryCode`, `CategoryName`, `CreatedDate`, `CreatedBy`, `ModifiedDate`, `ModifiedBy`) VALUES
(1, '01', 'VARIASI', '2018-06-05 06:30:35', 'Admin1', NULL, NULL),
(2, '02', 'SPAREPART', '2018-06-05 06:30:45', 'Admin1', NULL, NULL),
(3, '03', 'BAUT', '2018-06-05 06:30:52', 'Admin1', NULL, NULL),
(4, '04', 'PILOK', '2018-06-05 06:31:00', 'Admin1', NULL, NULL),
(5, '05', 'OLI', '2018-06-05 06:31:09', 'Admin1', NULL, NULL),
(6, '06', 'BAN', '2018-06-05 06:31:16', 'Admin1', NULL, NULL);

INSERT INTO `master_unit` (`UnitID`, `UnitName`, `CreatedDate`, `CreatedBy`, `ModifiedDate`, `ModifiedBy`) VALUES
(1, 'pcs', '2018-06-05 06:29:57', 'Admin1', NULL, NULL);

INSERT INTO `master_item` (`ItemID`, `SessionID`, `CategoryID`, `UnitID`, `ItemName`, `ItemCode`, `BuyPrice`, `RetailPrice`, `Price1`, `Qty1`, `Price2`, `Qty2`, `Weight`, `MinimumStock`, `CreatedDate`, `CreatedBy`, `ModifiedDate`, `ModifiedBy`) VALUES
(1, NULL, 1, 1, 'Karpet Beat F1', 'T1618_1', 24000, 36000, 0, 1, 0, 1, 0, 0, '2018-06-05 06:40:25', 'Admin1', '2018-06-05 13:42:02', 'Admin1'),
(2, NULL, 1, 1, 'karpet vario', 'T1618_2', 24000, 36000, 0, 1, 0, 1, 0, 0, '2018-06-05 06:45:18', 'Admin1', '2018-06-05 13:45:34', 'Admin1'),
(3, NULL, 1, 1, 'karpet beat 2017', 't1618_3', 24000, 36000, 0, 1, 0, 1, 0, 0, '2018-06-05 06:46:54', 'Admin1', '2018-06-05 13:47:05', 'Admin1'),
(4, NULL, 1, 1, 'spion mini beat', 't1618_4', 10000, 16000, 0, 1, 0, 1, 0, 0, '2018-06-05 06:48:35', 'Admin1', '2018-06-09 07:01:37', 'Admin1'),
(5, NULL, 1, 1, 'spion mini jupiter', 't1618_5', 10000, 16000, 0, 1, 0, 1, 0, 0, '2018-06-09 00:00:37', 'Admin1', '2018-06-09 07:00:58', 'Admin1'),
(6, NULL, 1, 1, 'peninggi shock bebebk', 't1618_6', 12000, 20000, 0, 1, 0, 1, 0, 0, '2018-06-09 00:04:27', 'Admin1', '2018-06-09 07:04:55', 'Admin1'),
(7, NULL, 1, 1, 'proguard robot max', 't1618_7', 47500, 70000, 0, 1, 0, 1, 0, 0, '2018-06-09 00:07:01', 'Admin1', '2018-06-09 07:07:11', 'Admin1'),
(8, NULL, 1, 1, 'grip bulu amv', 't1618_8', 14500, 22000, 0, 0, 0, 0, 0, 0, '2018-06-09 00:08:17', 'Admin1', '2018-06-09 07:08:29', 'Admin1'),
(9, NULL, 1, 1, 'grip brige', 't1618_9', 17000, 26000, 0, 1, 0, 1, 0, 0, '2018-06-09 00:09:59', 'Admin1', '2018-06-09 07:10:09', 'Admin1'),
(10, NULL, 1, 1, 'grip litaco donat', 't1618_10', 14500, 22000, 0, 1, 0, 1, 0, 0, '2018-06-09 00:10:57', 'Admin1', '2018-06-09 07:11:11', 'Admin1'),
(11, NULL, 1, 1, 'grip transparan', 't1618_11', 14000, 22000, 0, 1, 0, 1, 0, 0, '2018-06-09 00:11:50', 'Admin1', '2018-06-09 07:12:02', 'Admin1'),
(12, NULL, 1, 1, 'grip kitaco karbon', 't1618_12', 15000, 23000, 0, 1, 0, 1, 0, 0, '2018-06-09 00:13:19', 'Admin1', '2018-06-09 07:13:28', 'Admin1'),
(13, NULL, 1, 1, 'grip kitaco polos', 't1618_13', 16500, 25000, 0, 1, 0, 1, 0, 0, '2018-06-09 00:14:26', 'Admin1', '2018-06-09 07:14:35', 'Admin1'),
(14, NULL, 1, 1, 'tutup oli jarum', 't1618_14', 21000, 32000, 0, 1, 0, 1, 0, 0, '2018-06-09 01:13:25', 'Admin1', '2018-06-09 08:13:35', 'Admin1'),
(15, NULL, 1, 1, 'saklar onoff', 't1618_15', 8000, 14000, 0, 1, 0, 1, 0, 0, '2018-06-09 01:14:24', 'Admin1', '2018-06-09 08:14:36', 'Admin1'),
(16, NULL, 1, 1, 'cop busi', 't1618_16', 7000, 12500, 0, 1, 0, 1, 0, 0, '2018-06-09 01:15:22', 'Admin1', '2018-06-09 08:15:31', 'Admin1'),
(17, NULL, 1, 1, 'gas woll', 't1618_17', 10000, 15000, 0, 1, 0, 1, 0, 0, '2018-06-09 02:19:18', 'Admin1', '2018-06-09 09:19:31', 'Admin1'),
(18, NULL, 1, 1, 'bohlam bebek led cr7', 't1618_18', 27000, 40000, 0, 1, 0, 1, 0, 0, '2018-06-09 02:20:19', 'Admin1', '2018-06-09 09:20:26', 'Admin1'),
(19, NULL, 1, 1, 'sen tempel g18', 't1618_19', 10000, 16000, 0, 1, 0, 1, 0, 0, '2018-06-09 02:21:11', 'Admin1', '2018-06-09 09:21:18', 'Admin1'),
(20, NULL, 1, 1, 'lampu stop luminos', 't1618_20', 12500, 20000, 0, 1, 0, 1, 0, 0, '2018-06-09 02:22:16', 'Admin1', '2018-06-09 09:22:26', 'Admin1'),
(21, NULL, 1, 1, 'sen colok 10 mata r1', 't1618_21', 6000, 10000, 0, 1, 0, 1, 0, 0, '2018-06-09 02:23:14', 'Admin1', '2018-06-09 09:23:21', 'Admin1'),
(22, NULL, 1, 1, 'sen colok plasma biasa', 't1618_22', 8500, 15000, 0, 1, 0, 1, 0, 0, '2018-06-09 02:23:55', 'Admin1', '2018-06-09 09:24:02', 'Admin1'),
(23, NULL, 1, 1, 'lampu owl 3 mata', 't1618_23', 100000, 150000, 0, 1, 0, 1, 0, 0, '2018-06-09 02:24:37', 'Admin1', '2018-06-09 09:24:42', 'Admin1'),
(24, NULL, 1, 1, 'lampu U7 C2R', 't1618_24', 90000, 135000, 0, 1, 0, 1, 0, 0, '2018-06-09 02:25:26', 'Admin1', '2018-06-09 09:25:30', 'Admin1'),
(25, NULL, 1, 1, 'CVT SPRING TDR MIO J 1500 RPM YELLOW', 'OM30518_1', 98000, 142000, 0, 1, 0, 1, 0, 0, '2018-06-10 20:54:07', 'Admin1', '2018-06-11 03:54:45', 'Admin1'),
(26, NULL, 1, 1, 'CVT SPRING TDR MIO J 2000 RPM RED', 'OM30518_2', 98000, 142000, 0, 1, 0, 1, 0, 0, '2018-06-10 20:55:47', 'Admin1', '2018-06-11 03:55:53', 'Admin1'),
(27, NULL, 1, 1, 'SPARK PLUG TDR V BALLISTIC 071', 'OM30518_3', 22500, 32000, 0, 1, 0, 1, 0, 0, '2018-06-10 20:56:46', 'Admin1', '2018-06-11 03:56:53', 'Admin1'),
(28, NULL, 1, 1, 'CVT SPRING TDR BEAT VAR 2000 RPM', 'OM30518_4', 98000, 142000, 0, 1, 0, 1, 0, 0, '2018-06-10 20:57:54', 'Admin1', '2018-06-11 03:58:00', 'Admin1'),
(29, NULL, 6, 1, 'BAN LUAR FLEMMO 90 90 -14 GD 1', 'JT5618_1', 134680, 150000, 0, 1, 0, 1, 0, 0, '2018-06-10 21:05:15', 'Admin1', '2018-07-07 09:27:22', 'Admin1'),
(30, NULL, 6, 1, 'BAN DALAM FDR 225 250 - 17  GD 1', 'JT5618_2', 22320, 27000, 0, 1, 0, 1, 0, 0, '2018-06-10 21:07:17', 'Admin1', '2018-06-11 04:07:23', 'Admin1'),
(31, NULL, 6, 1, 'BAN DALAM FDR 275-17 GD 1', 'JT5618_3', 25200, 30000, 0, 1, 0, 1, 0, 0, '2018-06-10 21:08:09', 'Admin1', '2018-06-11 04:08:16', 'Admin1'),
(32, NULL, 1, 1, 'CVT SPRING TDR VARIO 125 1500 RPM', 'OM12518_1', 98000, 142000, 0, 1, 0, 1, 0, 0, '2018-06-10 23:06:40', 'Admin1', '2018-06-11 06:06:46', 'Admin1'),
(33, NULL, 1, 1, 'CVT SPRING TDR BEATVAR 2000 RPM', 'OM12518_2', 98000, 142000, 0, 1, 0, 1, 0, 0, '2018-06-10 23:07:23', 'Admin1', '2018-06-11 06:07:28', 'Admin1'),
(34, NULL, 1, 1, 'TDR ROLLER CVT VARIO 9 GR', 'OM12518_3', 68500, 100000, 0, 1, 0, 1, 0, 0, '2018-06-10 23:08:07', 'Admin1', '2018-06-11 06:08:12', 'Admin1'),
(35, NULL, 1, 1, 'CLUTCH SPRING SET TDR MIO 1500 RPM Y', 'OM12518_4', 29500, 43000, 0, 1, 0, 1, 0, 0, '2018-06-10 23:08:53', 'Admin1', '2018-06-11 06:09:00', 'Admin1'),
(36, NULL, 1, 1, 'WEIGHT CLUTCH LONGER SHOE TDR MIO', 'OM12518_5', 300000, 435000, 0, 1, 0, 1, 0, 0, '2018-06-10 23:09:46', 'Admin1', '2018-06-11 06:09:49', 'Admin1'),
(37, NULL, 5, 1, 'MESRAN SUPER O.8 ', 'TJ24318_1', 29200, 34000, 0, 1, 0, 1, 0, 0, '2018-06-11 02:10:46', 'Admin1', '2018-06-11 09:10:53', 'Admin1'),
(38, NULL, 5, 1, 'ENDURO 4 T', 'TJ24318_2', 34875, 44000, 0, 1, 0, 1, 0, 0, '2018-06-11 02:11:27', 'Admin1', '2018-06-11 09:11:32', 'Admin1'),
(39, NULL, 5, 1, 'FEDERAL UTECH', 'TJ24318_3', 30000, 35000, 0, 1, 0, 1, 0, 0, '2018-06-11 02:12:10', 'Admin1', '2018-06-11 09:12:15', 'Admin1'),
(40, NULL, 5, 1, 'ENDURO MATIC 0.8', 'TJ4618_1', 37200, 44000, 0, 1, 0, 1, 0, 0, '2018-06-12 02:12:48', 'Admin1', '2018-06-12 09:12:59', 'Admin1'),
(41, NULL, 2, 1, 'B-GIGI SPEDO ASSY BEATVARIO OSK', 'SN11618_', 11025, 22000, 0, 1, 0, 1, 0, 0, '2018-06-12 02:15:50', 'Admin1', '2018-06-12 09:15:57', 'Admin1'),
(42, NULL, 2, 1, 'B-KNOP SEN KHARISMA T', 'SN11618_2', 2100, 6000, 0, 1, 0, 1, 0, 0, '2018-06-12 02:16:37', 'Admin1', '2018-06-12 09:16:42', 'Admin1'),
(43, NULL, 2, 1, 'B-KNOP DIM KHARISMA T', 'SN11618_3', 2100, 6000, 0, 1, 0, 1, 0, 0, '2018-06-12 02:17:21', 'Admin1', '2018-06-12 09:17:30', 'Admin1'),
(44, NULL, 2, 1, 'B-FILTER SARINGAN HAMA MIO SOUL TZENG', 'SN11618_4', 16275, 25000, 0, 1, 0, 1, 0, 0, '2018-06-12 02:18:24', 'Admin1', '2018-06-12 09:18:29', 'Admin1'),
(45, NULL, 2, 1, 'B-HOLDER KANAN MIO 2003 OSK', 'SN11618_5', 15225, 25000, 0, 1, 0, 1, 0, 0, '2018-06-12 02:19:12', 'Admin1', '2018-06-12 09:19:17', 'Admin1'),
(46, NULL, 2, 1, 'B- GIGI  SPEDO ASSY BEATVARIO OSK', 'SN11618_1', 11025, 22000, 0, 1, 0, 1, 0, 0, '2018-07-02 02:24:45', 'Admin1', '2018-07-02 09:25:05', 'Admin1'),
(47, NULL, 5, 1, 'MPX 2', 'TJ2518_1', 38600, 46000, 0, 1, 0, 1, 0, 0, '2018-07-03 00:51:33', 'Admin1', '2018-07-03 07:51:41', 'Admin1'),
(48, NULL, 5, 1, 'FEDERAL MATIC ORANGE', 'TJ2518_2', 30500, 36000, 0, 1, 0, 1, 0, 0, '2018-07-03 00:52:35', 'Admin1', '2018-07-03 07:52:43', 'Admin1'),
(49, NULL, 2, 1, 'DISC PAD VARIO CBS MERK INDOPART', 'AJM25618_1', 16000, 22500, 0, 1, 0, 1, 0, 0, '2018-07-03 01:00:10', 'Admin1', '2018-07-04 07:08:33', 'Admin1'),
(50, NULL, 5, 1, 'ENDURO RACING', 'TJ28618_1', 46500, 54000, 0, 1, 0, 1, 0, 0, '2018-07-03 02:39:21', 'Admin1', '2018-07-03 09:39:27', 'Admin1'),
(51, NULL, 5, 1, 'YAMALUBE 4 T', 'TJ28618_2', 33800, 38000, 0, 1, 0, 1, 0, 0, '2018-07-03 02:39:59', 'Admin1', '2018-07-03 09:40:05', 'Admin1'),
(52, NULL, 2, 1, 'DISC PAD SUPRA X INDOPART', 'AJM25618_2', 14150, 20000, 0, 1, 0, 1, 0, 0, '2018-07-04 00:11:12', 'Admin1', '2018-07-04 07:11:17', 'Admin1'),
(53, NULL, 2, 1, 'DISC PAD JUPITER MX INDOPART', 'AJM25618_3', 15750, 22000, 0, 1, 0, 1, 0, 0, '2018-07-04 00:12:05', 'Admin1', '2018-07-04 07:12:11', 'Admin1'),
(54, NULL, 2, 1, 'FILTER UDARA MIO MERK GENUIN', 'AJM25618_4', 34970, 50000, 0, 1, 0, 1, 0, 0, '2018-07-04 00:12:52', 'Admin1', '2018-07-04 07:12:57', 'Admin1'),
(55, NULL, 2, 1, 'GIGI SPEDO REVO ABS MERK AHM', 'AJM25618_5', 58250, 82000, 0, 1, 0, 1, 0, 0, '2018-07-04 00:13:52', 'Admin1', '2018-07-04 07:13:57', 'Admin1'),
(56, NULL, 2, 1, 'COMSTIR SET MIO MERK INDOPART', 'AJM25618_6', 36650, 52000, 0, 1, 0, 1, 0, 0, '2018-07-04 00:14:49', 'Admin1', '2018-07-04 07:15:02', 'Admin1'),
(57, NULL, 2, 1, 'TOMBOL SEN SUPRA X 125 MERK GENUIN', 'AJM25618_7', 15650, 22000, 0, 1, 0, 1, 0, 0, '2018-07-04 00:16:01', 'Admin1', '2018-07-04 07:16:06', 'Admin1'),
(58, NULL, 2, 1, 'MANUPAL CARBULATOR SCORPIO MERK GENUIN', 'AJM25618_8', 89000, 125000, 0, 1, 0, 1, 0, 0, '2018-07-04 00:16:51', 'Admin1', '2018-07-04 07:16:54', 'Admin1'),
(59, NULL, 6, 1, 'BAN TUBLES 90- 90 R 14', 'NT13618_1', 162750, 187000, 0, 1, 0, 1, 0, 0, '2018-07-06 20:35:30', 'Admin1', '2018-07-07 03:45:54', 'Admin1'),
(60, NULL, 6, 1, 'BAN 90-90 R 14', 'NT13618_2', 131625, 148000, 0, 1, 0, 1, 0, 0, '2018-07-06 20:53:05', 'Admin1', '2018-07-07 03:53:10', 'Admin1'),
(61, NULL, 6, 1, 'BAN TUBLES 80-90 R 14', 'NT13618_3', 141750, 163000, 0, 1, 0, 1, 0, 0, '2018-07-06 20:54:10', 'Admin1', '2018-07-07 03:54:16', 'Admin1'),
(62, NULL, 2, 1, 'CHAIN DRIVE RANTAI 428-106', 'AS21518_1', 48600, 70000, 0, 1, 0, 1, 0, 0, '2018-07-06 20:59:57', 'Admin1', '2018-07-07 04:00:04', 'Admin1'),
(63, NULL, 2, 1, 'CHAIN DRIVE RANTAI 428-108', 'AS21518_2', 49410, 70000, 0, 1, 0, 1, 0, 0, '2018-07-06 21:01:22', 'Admin1', '2018-07-07 04:01:28', 'Admin1'),
(64, NULL, 2, 1, 'BULP H4 12V25-25W', 'AS21518_3', 9720, 15000, 0, 1, 0, 1, 0, 0, '2018-07-06 21:02:34', 'Admin1', '2018-07-07 04:02:38', 'Admin1'),
(65, NULL, 6, 1, 'SUPR KAMPAS REM', 'NT13618_4', 37200, 55000, 0, 1, 0, 1, 0, 0, '2018-07-06 21:19:10', 'Admin1', '2018-07-07 04:19:17', 'Admin1'),
(66, NULL, 6, 1, 'SCOOTER GE', 'NT13618_5', 11700, 17000, 0, 1, 0, 1, 0, 0, '2018-07-06 21:21:57', 'Admin1', '2018-07-07 04:22:05', 'Admin1'),
(67, NULL, 2, 1, 'SHOE SET BRAKE', 'AS22618_1', 26827, 39000, 0, 1, 0, 1, 0, 0, '2018-07-07 02:14:17', 'Admin1', '2018-07-07 09:14:23', 'Admin1'),
(68, NULL, 2, 1, 'MIRROR BACK (SET)', 'AS22618_2', 22680, 33000, 0, 1, 0, 1, 0, 0, '2018-07-07 02:17:56', 'Admin1', '2018-07-07 09:18:00', 'Admin1'),
(69, NULL, 2, 1, 'PAD SET FR', 'AS22618_3', 19375, 28000, 0, 1, 0, 1, 0, 0, '2018-07-07 02:18:35', 'Admin1', '2018-07-07 09:18:42', 'Admin1'),
(70, NULL, 6, 1, 'IRC BAN LUAR  80-90 RING 14 NR76', 'PT23618_1', 109440, 125000, 0, 1, 0, 1, 0, 0, '2018-07-20 23:03:28', 'Admin1', '2018-07-21 06:03:51', 'Admin1'),
(71, NULL, 6, 1, 'IRC BAN LUAR 90-90 RING 14 SS530 R', 'PT23618_2', 131040, 150000, 0, 1, 0, 1, 0, 0, '2018-07-20 23:06:32', 'Admin1', '2018-07-21 06:06:47', 'Admin1'),
(72, NULL, 5, 1, 'OLI MPX 2 08', 'TJ23718_1', 39600, 46000, 0, 1, 0, 1, 0, 0, '2018-07-27 20:34:27', 'Admin1', '2018-07-28 03:34:33', 'Admin1'),
(73, NULL, 1, 1, '087.012 SPARK PLUG TDR TWIN IRIDIUM 071T', 'OM24718_1', 85000, 125000, 0, 1, 0, 1, 0, 0, '2018-07-27 20:37:20', 'Admin1', '2018-07-28 03:37:27', 'Admin1'),
(74, NULL, 1, 1, '087.013 SPAARK PLUG TDR TWIN IRIDIUM 085T', 'OM24718_2', 85000, 125000, 0, 1, 0, 1, 0, 0, '2018-07-27 20:38:10', 'Admin1', '2018-07-28 03:38:15', 'Admin1'),
(75, NULL, 1, 1, '087.001 SPARK PLUG TDR V BALLISTIC 065', 'OM24718_3', 22500, 34000, 0, 1, 0, 1, 0, 0, '2018-07-27 20:39:48', 'Admin1', '2018-07-28 03:39:53', 'Admin1'),
(76, NULL, 1, 1, 'BAGASI TGP SUPRA X 125 NEW FUEL INJECTION', 'TP24718_1', 30600, 45000, 0, 1, 0, 1, 0, 0, '2018-07-27 20:45:07', 'Admin1', '2018-07-28 03:45:11', 'Admin1'),
(77, NULL, 1, 1, 'LEG SHIELD CONTAINER MIO (HITAM)', 'TP24718_2', 45280, 66000, 0, 1, 0, 1, 0, 0, '2018-07-27 20:46:26', 'Admin1', '2018-07-28 03:47:03', 'Admin1'),
(78, NULL, 6, 1, 'IRC BAN LUAR 80-90  R 17 NR 69', 'PT26718_1', 136800, 155000, 0, 1, 0, 1, 0, 0, '2018-07-27 20:56:45', 'Admin1', '2018-07-28 03:56:50', 'Admin1'),
(79, NULL, 6, 1, 'IRC BAN LUAR 90-90 R 14 NR 83 TL', 'PT26718_2', 155940, 175000, 0, 1, 0, 1, 0, 0, '2018-07-27 20:59:16', 'Admin1', '2018-07-28 03:59:25', 'Admin1'),
(80, NULL, 1, 1, 'VISOR VARIO 110 F1 (HTAM)', 'TP25718_1', 30800, 45000, 0, 1, 0, 1, 0, 0, '2018-07-27 23:49:39', 'Admin1', '2018-07-28 06:49:44', 'Admin1'),
(81, NULL, 1, 1, 'WIND SHIELD SCOOPY (BENING)', 'TP25718_2', 69200, 100000, 0, 1, 0, 1, 0, 0, '2018-07-28 02:13:56', 'Admin1', '2018-07-28 09:14:01', 'Admin1'),
(82, NULL, 6, 1, 'BAN LUAR FLEMMO PRO GDS 70-90 R 14', 'JT26718_1', 91575, 105000, 0, 1, 0, 1, 0, 0, '2018-08-03 23:31:28', 'Admin1', '2018-08-04 07:47:21', 'Admin1'),
(83, NULL, 1, 1, 'SHOCK STLN Z SERIES MIO AMV', 'SP6818_1', 106700, 158000, 0, 1, 0, 1, 0, 0, '2018-08-10 20:21:01', 'Admin1', '2018-08-11 03:23:08', 'Admin1'),
(84, NULL, 1, 1, 'SHOCK STLN Z SERIES MIO (P) AMV', 'SP6818_2', 106700, 158000, 0, 1, 0, 1, 0, 0, '2018-08-10 21:26:34', 'Admin1', '2018-08-11 04:26:38', 'Admin1'),
(85, NULL, 1, 1, 'PENINGGI STANG FATBAR (H) AGRAS', 'SP6818_3', 49470, 73000, 0, 1, 0, 1, 0, 0, '2018-08-10 21:27:44', 'Admin1', '2018-08-11 04:27:49', 'Admin1'),
(86, NULL, 1, 1, 'PER KAMPAS KPL RACING JUP Z TDR', 'SP6818_4', 60140, 89000, 0, 1, 0, 1, 0, 0, '2018-08-10 21:30:49', 'Admin1', '2018-08-11 04:30:59', 'Admin1'),
(87, NULL, 1, 1, 'HANFAT TRANSPARAN CORAK IGAWAMOSH', 'SP6818_5', 15035, 25000, 0, 1, 0, 1, 0, 0, '2018-08-10 21:32:19', 'Admin1', '2018-08-11 04:32:29', 'Admin1'),
(88, NULL, 1, 1, 'SEN FAIRING LED SEGITIGA (K) LSMN  GMA', 'SP6818_6', 26675, 40000, 0, 1, 0, 1, 0, 0, '2018-08-10 21:33:43', 'Admin1', '2018-08-11 04:33:51', 'Admin1');

INSERT INTO `master_supplier` (`SupplierID`, `SupplierCode`, `SupplierName`, `Telephone`, `Address`, `City`, `Remarks`, `CreatedDate`, `CreatedBy`, `ModifiedDate`, `ModifiedBy`) VALUES
(1, '001', 'AA MOTOR', '', '', '', '', '2018-06-05 06:32:21', 'Admin1', NULL, NULL),
(2, '002', 'Indomotor Sport', '', '', '', '', '2018-06-05 06:41:31', 'Admin1', NULL, NULL),
(3, '003', 'TRIJAYA', '', '', '', '', '2018-06-10 20:48:38', 'Admin1', NULL, NULL),
(4, '004', 'OMG WARID', '', '', '', '', '2018-06-10 20:52:24', 'Admin1', NULL, NULL),
(5, '005', 'PT. JATENG TOP - SEMARANG', '', '', '', '', '2018-06-10 21:03:21', 'Admin1', NULL, NULL),
(6, '006', 'UD SINAR MOTOR', '', '', '', '', '2018-06-12 02:14:18', 'Admin1', NULL, NULL),
(7, '007', 'ANUGRAH JAYA MOTOR', '', '', '', '', '2018-07-03 00:57:33', 'Admin1', NULL, NULL),
(8, '008', 'PT.NUSANTARA SAKTI', '', '', '', '', '2018-07-06 20:24:23', 'Admin1', NULL, NULL),
(9, '009', 'PT.ASTRA OTOPATS TBK', '', '', '', '', '2018-07-06 20:57:20', 'Admin1', NULL, NULL),
(10, '0010', 'PT PRIMA TUNGGAL MANDIRI', '', '', '', '', '2018-07-20 23:00:40', 'Admin1', NULL, NULL),
(11, '010', 'TGP', '', '', '', '', '2018-07-27 20:42:10', 'Admin1', NULL, NULL),
(12, '011', 'S.P.C', '', '', '', '', '2018-08-10 20:19:59', 'Admin1', NULL, NULL);

INSERT INTO `transaction_purchase` (`PurchaseID`, `PurchaseNumber`, `SupplierID`, `TransactionDate`, `PaymentTypeID`, `Remarks`, `CreatedDate`, `CreatedBy`, `ModifiedDate`, `ModifiedBy`) VALUES
(2, 'MBL.SI18E-0874 SUG', 4, '2018-06-11 00:00:00', 1, NULL, '2018-06-10 20:54:23', 'Admin1', '2018-06-11 09:21:29', 'Admin1'),
(4, 'MBL.SI18E-0335 SUG', 4, '2018-06-11 00:00:00', 1, NULL, '2018-06-10 23:06:46', 'Admin1', '2018-06-11 09:20:57', 'Admin1'),
(5, '00456', 3, '2018-03-24 00:00:00', 1, NULL, '2018-06-11 02:10:53', 'Admin1', '2018-07-12 06:13:34', 'Admin1'),
(7, '005075', 3, '2018-06-04 00:00:00', 1, NULL, '2018-06-12 02:12:59', 'Admin1', '2018-07-12 06:13:57', 'Admin1'),
(10, '004772', 3, '2018-05-02 00:00:00', 1, NULL, '2018-07-03 00:51:41', 'Admin1', '2018-07-03 07:52:43', 'Admin1'),
(11, '005271', 3, '2018-07-03 00:00:00', 1, NULL, '2018-07-03 02:39:27', 'Admin1', '2018-07-04 07:07:08', 'Admin1'),
(12, '25618', 7, '2018-06-25 00:00:00', 1, NULL, '2018-07-04 00:08:33', 'Admin1', '2018-07-04 07:11:17', 'Admin1'),
(14, '4003584874', 9, '2018-06-13 00:00:00', 1, NULL, '2018-07-06 21:00:03', 'Admin1', '2018-07-07 04:01:27', 'Admin1'),
(18, '12180600746', 8, '2018-07-07 00:00:00', 1, NULL, '2018-07-07 02:06:49', 'Admin1', '2018-07-07 09:07:33', 'Admin1'),
(19, '11180601343', 8, '2018-07-07 00:00:00', 1, NULL, '2018-07-07 02:08:18', 'Admin1', NULL, NULL),
(20, '13180600617', 8, '2018-07-07 00:00:00', 1, NULL, '2018-07-07 02:09:48', 'Admin1', NULL, NULL),
(21, '4003632480', 9, '2018-07-07 00:00:00', 1, NULL, '2018-07-07 02:14:23', 'Admin1', NULL, NULL),
(22, '4003632500', 9, '2018-07-07 00:00:00', 1, NULL, '2018-07-07 02:18:00', 'Admin1', '2018-07-07 09:18:42', 'Admin1'),
(24, '0144074', 5, '2018-07-07 00:00:00', 1, NULL, '2018-07-07 02:27:22', 'Admin1', NULL, NULL),
(25, '0144075', 5, '2018-07-07 00:00:00', 1, NULL, '2018-07-07 02:28:08', 'Admin1', '2018-07-07 09:28:18', 'Admin1'),
(26, '001408', 2, '2018-07-09 00:00:00', 1, NULL, '2018-07-09 02:32:06', 'Admin1', '2018-07-09 09:32:18', 'Admin1'),
(27, '001409', 2, '2018-07-09 00:00:00', 1, NULL, '2018-07-09 02:36:30', 'Admin1', '2018-07-09 09:36:40', 'Admin1'),
(28, '01358318', 6, '2018-06-11 00:00:00', 1, NULL, '2018-07-11 00:46:37', 'Admin1', '2018-07-12 06:13:03', 'Admin1'),
(29, '1812481', 10, '2018-07-20 00:00:00', 1, NULL, '2018-07-20 23:03:51', 'Admin1', '2018-07-21 06:06:47', 'Admin1'),
(30, '005520', 3, '2018-07-27 00:00:00', 1, NULL, '2018-07-27 20:34:33', 'Admin1', NULL, NULL),
(31, 'MBL.SI18G-0680', 4, '2018-07-27 00:00:00', 1, NULL, '2018-07-27 20:37:27', 'Admin1', '2018-07-28 03:38:15', 'Admin1'),
(32, 'B18072400003', 11, '2018-07-27 00:00:00', 1, NULL, '2018-07-27 20:45:11', 'Admin1', '2018-07-28 03:46:29', 'Admin1'),
(33, 'SJ-1814729', 10, '2018-07-27 00:00:00', 1, NULL, '2018-07-27 20:56:50', 'Admin1', NULL, NULL),
(34, 'SJ-1814730', 10, '2018-07-27 00:00:00', 1, NULL, '2018-07-27 20:59:24', 'Admin1', NULL, NULL),
(35, '18072500008', 11, '2018-07-28 00:00:00', 1, NULL, '2018-07-27 23:49:44', 'Admin1', '2018-07-28 09:14:01', 'Admin1'),
(36, 'FJ1807-005327-F', 5, '2018-08-03 00:00:00', 1, NULL, '2018-08-03 23:31:38', 'Admin1', '2018-08-04 07:47:21', 'Admin1'),
(37, 'VK-1806544', 12, '2018-08-10 00:00:00', 1, NULL, '2018-08-10 20:21:05', 'Admin1', '2018-08-11 03:23:07', 'Admin1');


INSERT INTO `transaction_purchasedetails` (`PurchaseDetailsID`, `PurchaseID`, `ItemID`, `ItemDetailsID`, `BranchID`, `Quantity`, `BuyPrice`, `RetailPrice`, `Price1`, `Price2`, `CreatedDate`, `CreatedBy`, `ModifiedDate`, `ModifiedBy`) VALUES
(25, 2, 25, NULL, 1, 2, 98000, 142000, 0, 0, '2018-06-10 20:54:23', 'Admin1', '2018-06-11 03:54:45', 'Admin1'),
(26, 2, 26, NULL, 1, 2, 98000, 142000, 0, 0, '2018-06-10 20:55:53', 'Admin1', NULL, NULL),
(27, 2, 27, NULL, 1, 5, 22500, 32000, 0, 0, '2018-06-10 20:56:53', 'Admin1', NULL, NULL),
(28, 2, 28, NULL, 1, 2, 98000, 142000, 0, 0, '2018-06-10 20:58:00', 'Admin1', NULL, NULL),
(32, 4, 32, NULL, 1, 3, 98000, 142000, 0, 0, '2018-06-10 23:06:46', 'Admin1', NULL, NULL),
(33, 4, 33, NULL, 1, 3, 98000, 142000, 0, 0, '2018-06-10 23:07:28', 'Admin1', NULL, NULL),
(34, 4, 34, NULL, 1, 3, 68500, 100000, 0, 0, '2018-06-10 23:08:12', 'Admin1', NULL, NULL),
(35, 4, 35, NULL, 1, 3, 29500, 43000, 0, 0, '2018-06-10 23:09:00', 'Admin1', NULL, NULL),
(36, 4, 36, NULL, 1, 2, 300000, 435000, 0, 0, '2018-06-10 23:09:49', 'Admin1', NULL, NULL),
(37, 5, 37, NULL, 1, 12, 29200, 34000, 0, 0, '2018-06-11 02:10:53', 'Admin1', NULL, NULL),
(38, 5, 38, NULL, 1, 12, 34875, 44000, 0, 0, '2018-06-11 02:11:32', 'Admin1', NULL, NULL),
(39, 5, 39, NULL, 1, 12, 30000, 35000, 0, 0, '2018-06-11 02:12:15', 'Admin1', NULL, NULL),
(43, 7, 40, NULL, 1, 6, 37200, 44000, 0, 0, '2018-06-12 02:12:59', 'Admin1', NULL, NULL),
(54, 10, 47, NULL, 1, 12, 38600, 46000, 0, 0, '2018-07-03 00:51:41', 'Admin1', NULL, NULL),
(55, 10, 48, NULL, 1, 12, 30500, 36000, 0, 0, '2018-07-03 00:52:43', 'Admin1', NULL, NULL),
(56, 11, 50, NULL, 1, 6, 46500, 54000, 0, 0, '2018-07-03 02:39:27', 'Admin1', NULL, NULL),
(57, 11, 51, NULL, 1, 12, 33800, 38000, 0, 0, '2018-07-03 02:40:05', 'Admin1', NULL, NULL),
(58, 12, 49, NULL, 1, 5, 16000, 22500, 0, 0, '2018-07-04 00:08:33', 'Admin1', NULL, NULL),
(59, 12, 52, NULL, 1, 3, 14150, 20000, 0, 0, '2018-07-04 00:11:17', 'Admin1', NULL, NULL),
(60, 12, 53, NULL, 1, 5, 15750, 22000, 0, 0, '2018-07-04 00:12:11', 'Admin1', NULL, NULL),
(61, 12, 54, NULL, 1, 2, 34970, 50000, 0, 0, '2018-07-04 00:12:57', 'Admin1', NULL, NULL),
(62, 12, 55, NULL, 1, 2, 58250, 82000, 0, 0, '2018-07-04 00:13:57', 'Admin1', NULL, NULL),
(63, 12, 56, NULL, 1, 5, 36650, 52000, 0, 0, '2018-07-04 00:15:02', 'Admin1', NULL, NULL),
(64, 12, 57, NULL, 1, 2, 15650, 22000, 0, 0, '2018-07-04 00:16:06', 'Admin1', NULL, NULL),
(65, 12, 58, NULL, 1, 1, 89000, 125000, 0, 0, '2018-07-04 00:16:54', 'Admin1', NULL, NULL),
(69, 14, 62, NULL, 1, 2, 48600, 70000, 0, 0, '2018-07-06 21:00:03', 'Admin1', NULL, NULL),
(70, 14, 63, NULL, 1, 2, 49410, 70000, 0, 0, '2018-07-06 21:01:28', 'Admin1', NULL, NULL),
(71, 14, 64, NULL, 1, 20, 9720, 15000, 0, 0, '2018-07-06 21:02:38', 'Admin1', NULL, NULL),
(79, 18, 59, NULL, 1, 2, 162750, 187000, 0, 0, '2018-07-07 02:06:49', 'Admin1', NULL, NULL),
(80, 18, 60, NULL, 1, 3, 131625, 148000, 0, 0, '2018-07-07 02:06:59', 'Admin1', NULL, NULL),
(81, 18, 61, NULL, 1, 2, 141750, 163000, 0, 0, '2018-07-07 02:07:08', 'Admin1', NULL, NULL),
(82, 19, 65, NULL, 1, 5, 37200, 55000, 0, 0, '2018-07-07 02:08:18', 'Admin1', NULL, NULL),
(83, 20, 66, NULL, 1, 96, 11700, 17000, 0, 0, '2018-07-07 02:09:48', 'Admin1', NULL, NULL),
(84, 21, 67, NULL, 1, 5, 26827, 39000, 0, 0, '2018-07-07 02:14:23', 'Admin1', NULL, NULL),
(85, 22, 68, NULL, 1, 10, 22680, 33000, 0, 0, '2018-07-07 02:18:00', 'Admin1', NULL, NULL),
(86, 22, 69, NULL, 1, 5, 19375, 28000, 0, 0, '2018-07-07 02:18:42', 'Admin1', NULL, NULL),
(88, 24, 29, NULL, 1, 3, 134680, 150000, 0, 0, '2018-07-07 02:27:22', 'Admin1', NULL, NULL),
(89, 25, 30, NULL, 1, 5, 22320, 27000, 0, 0, '2018-07-07 02:28:08', 'Admin1', NULL, NULL),
(90, 25, 31, NULL, 1, 5, 25200, 30000, 0, 0, '2018-07-07 02:28:18', 'Admin1', NULL, NULL),
(91, 26, 1, NULL, 1, 1, 24000, 36000, 0, 0, '2018-07-09 02:32:06', 'Admin1', NULL, NULL),
(92, 26, 2, NULL, 1, 1, 24000, 36000, 0, 0, '2018-07-09 02:32:18', 'Admin1', NULL, NULL),
(93, 26, 3, NULL, 1, 1, 24000, 36000, 0, 0, '2018-07-09 02:32:27', 'Admin1', NULL, NULL),
(94, 26, 4, NULL, 1, 3, 10000, 16000, 0, 0, '2018-07-09 02:32:36', 'Admin1', NULL, NULL),
(95, 26, 5, NULL, 1, 3, 10000, 16000, 0, 0, '2018-07-09 02:32:49', 'Admin1', NULL, NULL),
(96, 26, 6, NULL, 1, 9, 12000, 20000, 0, 0, '2018-07-09 02:32:58', 'Admin1', NULL, NULL),
(97, 26, 7, NULL, 1, 1, 47500, 70000, 0, 0, '2018-07-09 02:33:14', 'Admin1', NULL, NULL),
(98, 26, 8, NULL, 1, 4, 14500, 22000, 0, 0, '2018-07-09 02:33:24', 'Admin1', NULL, NULL),
(99, 26, 9, NULL, 1, 1, 17000, 26000, 0, 0, '2018-07-09 02:33:55', 'Admin1', NULL, NULL),
(100, 26, 10, NULL, 1, 3, 14500, 22000, 0, 0, '2018-07-09 02:34:06', 'Admin1', NULL, NULL),
(101, 26, 11, NULL, 1, 3, 14000, 22000, 0, 0, '2018-07-09 02:34:17', 'Admin1', NULL, NULL),
(102, 26, 12, NULL, 1, 2, 15000, 23000, 0, 0, '2018-07-09 02:34:29', 'Admin1', NULL, NULL),
(103, 26, 13, NULL, 1, 3, 16500, 25000, 0, 0, '2018-07-09 02:34:46', 'Admin1', NULL, NULL),
(104, 26, 14, NULL, 1, 4, 21000, 32000, 0, 0, '2018-07-09 02:34:55', 'Admin1', NULL, NULL),
(105, 26, 15, NULL, 1, 10, 8000, 14000, 0, 0, '2018-07-09 02:35:04', 'Admin1', NULL, NULL),
(106, 26, 16, NULL, 1, 3, 7000, 12500, 0, 0, '2018-07-09 02:35:20', 'Admin1', NULL, NULL),
(107, 27, 17, NULL, 1, 20, 10000, 15000, 0, 0, '2018-07-09 02:36:30', 'Admin1', NULL, NULL),
(108, 27, 18, NULL, 1, 5, 27000, 40000, 0, 0, '2018-07-09 02:36:40', 'Admin1', NULL, NULL),
(109, 27, 19, NULL, 1, 5, 10000, 16000, 0, 0, '2018-07-09 02:36:48', 'Admin1', NULL, NULL),
(110, 27, 20, NULL, 1, 6, 12500, 20000, 0, 0, '2018-07-09 02:36:57', 'Admin1', NULL, NULL),
(111, 27, 21, NULL, 1, 10, 6000, 10000, 0, 0, '2018-07-09 02:37:06', 'Admin1', NULL, NULL),
(112, 27, 22, NULL, 1, 10, 8500, 15000, 0, 0, '2018-07-09 02:37:19', 'Admin1', NULL, NULL),
(113, 27, 23, NULL, 1, 2, 100000, 150000, 0, 0, '2018-07-09 02:37:27', 'Admin1', NULL, NULL),
(114, 27, 24, NULL, 1, 2, 90000, 135000, 0, 0, '2018-07-09 02:37:34', 'Admin1', NULL, NULL),
(115, 28, 46, NULL, 1, 5, 11025, 22000, 0, 0, '2018-07-11 00:46:37', 'Admin1', NULL, NULL),
(116, 28, 42, NULL, 1, 10, 2100, 6000, 0, 0, '2018-07-11 00:46:49', 'Admin1', NULL, NULL),
(117, 28, 43, NULL, 1, 10, 2100, 6000, 0, 0, '2018-07-11 00:47:06', 'Admin1', NULL, NULL),
(118, 28, 44, NULL, 1, 5, 16275, 25000, 0, 0, '2018-07-11 00:47:26', 'Admin1', NULL, NULL),
(119, 28, 45, NULL, 1, 3, 15225, 25000, 0, 0, '2018-07-11 00:47:38', 'Admin1', NULL, NULL),
(120, 29, 70, NULL, 1, 5, 109440, 125000, 0, 0, '2018-07-20 23:03:51', 'Admin1', NULL, NULL),
(121, 29, 71, NULL, 1, 5, 131040, 150000, 0, 0, '2018-07-20 23:06:47', 'Admin1', NULL, NULL),
(122, 30, 72, NULL, 1, 12, 39600, 46000, 0, 0, '2018-07-27 20:34:33', 'Admin1', NULL, NULL),
(123, 31, 73, NULL, 1, 5, 85000, 125000, 0, 0, '2018-07-27 20:37:27', 'Admin1', NULL, NULL),
(124, 31, 74, NULL, 1, 5, 85000, 125000, 0, 0, '2018-07-27 20:38:15', 'Admin1', NULL, NULL),
(125, 31, 75, NULL, 1, 10, 22500, 34000, 0, 0, '2018-07-27 20:39:53', 'Admin1', NULL, NULL),
(126, 32, 76, NULL, 1, 5, 30600, 45000, 0, 0, '2018-07-27 20:45:11', 'Admin1', NULL, NULL),
(127, 32, 77, NULL, 1, 3, 45280, 66000, 0, 0, '2018-07-27 20:46:29', 'Admin1', '2018-07-28 03:47:03', 'Admin1'),
(128, 33, 78, NULL, 1, 5, 136800, 155000, 0, 0, '2018-07-27 20:56:50', 'Admin1', NULL, NULL),
(129, 34, 79, NULL, 1, 5, 155940, 175000, 0, 0, '2018-07-27 20:59:25', 'Admin1', NULL, NULL),
(130, 35, 80, NULL, 1, 2, 30800, 45000, 0, 0, '2018-07-27 23:49:44', 'Admin1', NULL, NULL),
(131, 35, 81, NULL, 1, 2, 69200, 100000, 0, 0, '2018-07-28 02:14:01', 'Admin1', NULL, NULL),
(132, 36, 82, NULL, 1, 3, 91575, 105000, 0, 0, '2018-08-03 23:31:38', 'Admin1', '2018-08-04 07:47:21', 'Admin1'),
(133, 37, 83, NULL, 1, 3, 106700, 158000, 0, 0, '2018-08-10 20:21:05', 'Admin1', '2018-08-11 03:23:08', 'Admin1'),
(134, 37, 84, NULL, 1, 3, 106700, 158000, 0, 0, '2018-08-10 21:26:38', 'Admin1', NULL, NULL),
(135, 37, 85, NULL, 1, 3, 49470, 73000, 0, 0, '2018-08-10 21:27:49', 'Admin1', '2018-08-11 04:29:53', 'Admin1'),
(136, 37, 86, NULL, 1, 2, 60140, 89000, 0, 0, '2018-08-10 21:30:59', 'Admin1', NULL, NULL),
(137, 37, 87, NULL, 1, 5, 15035, 25000, 0, 0, '2018-08-10 21:32:29', 'Admin1', NULL, NULL),
(138, 37, 88, NULL, 1, 5, 26675, 40000, 0, 0, '2018-08-10 21:33:51', 'Admin1', NULL, NULL);