INSERT INTO `master_user` (`UserID`, `UserTypeID`, `UserName`, `UserLogin`, `UserPassword`, `IsActive`, `CreatedDate`, `CreatedBy`, `ModifiedDate`, `ModifiedBy`) VALUES
(2, 1, 'Enny', 'enny', 'c4ca4238a0b923820dcc509a6f75849b', 1, '2018-06-05 06:37:50', 'Admin1', NULL, NULL),
(3, 2, 'zulfa', 'zulfa', '827ccb0eea8a706c4c34a16891f84e7b', 1, '2018-06-08 23:56:06', 'Admin1', NULL, NULL);

INSERT INTO `master_role` (`RoleID`, `UserID`, `MenuID`, `EditFlag`, `DeleteFlag`) VALUES
(71, 2, 8, 1, 1),
(72, 2, 9, 1, 1),
(73, 2, 10, 1, 1),
(74, 2, 11, 1, 1),
(75, 2, 12, 1, 1),
(76, 2, 13, 1, 1),
(77, 2, 14, 1, 1),
(78, 2, 15, 1, 1),
(79, 2, 16, 1, 1),
(80, 2, 17, 1, 1),
(81, 2, 18, 1, 1);

INSERT INTO `master_unit` (`UnitID`, `UnitName`, `CreatedDate`, `CreatedBy`, `ModifiedDate`, `ModifiedBy`) VALUES
(1, 'pcs', '2018-06-05 06:29:57', 'Admin1', NULL, NULL);

INSERT INTO `master_item` (`ItemID`, `SessionID`, `CategoryID`, `UnitID`, `ItemName`, `ItemCode`, `BuyPrice`, `RetailPrice`, `Price1`, `Qty1`, `Price2`, `Qty2`, `Weight`, `MinimumStock`, `CreatedDate`, `CreatedBy`, `ModifiedDate`, `ModifiedBy`) VALUES
(1, NULL, 1, 1, 'Karpet Beat F1', 'T1618_1', 24000, 36000, 0, 1, 0, 1, 0, 0, '2018-06-05 06:40:25', 'Admin1', '2018-06-05 13:42:02', 'Admin1'),
(2, NULL, 1, 1, 'karpet vario', 'T1618_2', 24000, 36000, 0, 1, 0, 1, 0, 0, '2018-06-05 06:45:18', 'Admin1', '2018-06-05 13:45:34', 'Admin1'),
(3, NULL, 1, 1, 'karpet beat 2017', 't1618_3', 24000, 36000, 0, 1, 0, 1, 0, 0, '2018-06-05 06:46:54', 'Admin1', '2018-06-05 13:47:05', 'Admin1'),
(4, NULL, 1, 1, 'spion mini beat', 't1618_4', 10000, 16000, 0, 1, 0, 1, 0, 0, '2018-06-05 06:48:35', 'Admin1', '2018-06-09 07:01:37', 'Admin1'),
(5, NULL, 1, 1, 'spion mini jupiter', 't1618_5', 10000, 16000, 0, 1, 0, 1, 0, 0, '2018-06-09 00:00:37', 'Admin1', '2018-06-09 07:00:58', 'Admin1'),
(6, NULL, 1, 1, 'peninggi shock bebebk', 't1618_6', 12000, 20000, 0, 1, 0, 1, 0, 0, '2018-06-09 00:04:27', 'Admin1', '2018-06-09 07:04:55', 'Admin1'),
(7, NULL, 1, 1, 'proguard robot max', 't1618_7', 47500, 70000, 0, 1, 0, 1, 0, 0, '2018-06-09 00:07:01', 'Admin1', '2018-06-09 07:07:11', 'Admin1'),
(8, NULL, 1, 1, 'grip bulu amv', 't1618_8', 14500, 22000, 0, 0, 0, 0, 0, 0, '2018-06-09 00:08:17', 'Admin1', '2018-06-09 07:08:29', 'Admin1'),
(9, NULL, 1, 1, 'grip brige', 't1618_9', 17000, 26000, 0, 1, 0, 1, 0, 0, '2018-06-09 00:09:59', 'Admin1', '2018-06-09 07:10:09', 'Admin1'),
(10, NULL, 1, 1, 'grip litaco donat', 't1618_10', 14500, 22000, 0, 1, 0, 1, 0, 0, '2018-06-09 00:10:57', 'Admin1', '2018-06-09 07:11:11', 'Admin1'),
(11, NULL, 1, 1, 'grip transparan', 't1618_11', 14000, 22000, 0, 1, 0, 1, 0, 0, '2018-06-09 00:11:50', 'Admin1', '2018-06-09 07:12:02', 'Admin1'),
(12, NULL, 1, 1, 'grip kitaco karbon', 't1618_12', 15000, 23000, 0, 1, 0, 1, 0, 0, '2018-06-09 00:13:19', 'Admin1', '2018-06-09 07:13:28', 'Admin1'),
(13, NULL, 1, 1, 'grip kitaco polos', 't1618_13', 16500, 25000, 0, 1, 0, 1, 0, 0, '2018-06-09 00:14:26', 'Admin1', '2018-06-09 07:14:35', 'Admin1'),
(14, NULL, 1, 1, 'tutup oli jarum', 't1618_14', 21000, 32000, 0, 1, 0, 1, 0, 0, '2018-06-09 01:13:25', 'Admin1', '2018-06-09 08:13:35', 'Admin1'),
(15, NULL, 1, 1, 'saklar onoff', 't1618_15', 8000, 14000, 0, 1, 0, 1, 0, 0, '2018-06-09 01:14:24', 'Admin1', '2018-06-09 08:14:36', 'Admin1'),
(16, NULL, 1, 1, 'cop busi', 't1618_16', 7000, 12500, 0, 1, 0, 1, 0, 0, '2018-06-09 01:15:22', 'Admin1', '2018-06-09 08:15:31', 'Admin1'),
(17, NULL, 1, 1, 'gas woll', 't1618_17', 10000, 15000, 0, 1, 0, 1, 0, 0, '2018-06-09 02:19:18', 'Admin1', '2018-06-09 09:19:31', 'Admin1'),
(18, NULL, 1, 1, 'bohlam bebek led cr7', 't1618_18', 27000, 40000, 0, 1, 0, 1, 0, 0, '2018-06-09 02:20:19', 'Admin1', '2018-06-09 09:20:26', 'Admin1'),
(19, NULL, 1, 1, 'sen tempel g18', 't1618_19', 10000, 16000, 0, 1, 0, 1, 0, 0, '2018-06-09 02:21:11', 'Admin1', '2018-06-09 09:21:18', 'Admin1'),
(20, NULL, 1, 1, 'lampu stop luminos', 't1618_20', 12500, 20000, 0, 1, 0, 1, 0, 0, '2018-06-09 02:22:16', 'Admin1', '2018-06-09 09:22:26', 'Admin1'),
(21, NULL, 1, 1, 'sen colok 10 mata r1', 't1618_21', 6000, 10000, 0, 1, 0, 1, 0, 0, '2018-06-09 02:23:14', 'Admin1', '2018-06-09 09:23:21', 'Admin1'),
(22, NULL, 1, 1, 'sen colok plasma biasa', 't1618_22', 8500, 15000, 0, 1, 0, 1, 0, 0, '2018-06-09 02:23:55', 'Admin1', '2018-06-09 09:24:02', 'Admin1'),
(23, NULL, 1, 1, 'lampu owl 3 mata', 't1618_23', 100000, 150000, 0, 1, 0, 1, 0, 0, '2018-06-09 02:24:37', 'Admin1', '2018-06-09 09:24:42', 'Admin1'),
(24, NULL, 1, 1, 'lampu U7 C2R', 't1618_24', 90000, 135000, 0, 1, 0, 1, 0, 0, '2018-06-09 02:25:26', 'Admin1', '2018-06-09 09:25:30', 'Admin1'),
(25, NULL, 1, 1, 'CVT SPRING TDR MIO J 1500 RPM YELLOW', 'OM30518_1', 98000, 142000, 0, 1, 0, 1, 0, 0, '2018-06-10 20:54:07', 'Admin1', '2018-06-11 03:54:45', 'Admin1'),
(26, NULL, 1, 1, 'CVT SPRING TDR MIO J 2000 RPM RED', 'OM30518_2', 98000, 142000, 0, 1, 0, 1, 0, 0, '2018-06-10 20:55:47', 'Admin1', '2018-06-11 03:55:53', 'Admin1'),
(27, NULL, 1, 1, 'SPARK PLUG TDR V BALLISTIC 071', 'OM30518_3', 22500, 32000, 0, 1, 0, 1, 0, 0, '2018-06-10 20:56:46', 'Admin1', '2018-06-11 03:56:53', 'Admin1'),
(28, NULL, 1, 1, 'CVT SPRING TDR BEAT VAR 2000 RPM', 'OM30518_4', 98000, 142000, 0, 1, 0, 1, 0, 0, '2018-06-10 20:57:54', 'Admin1', '2018-06-11 03:58:00', 'Admin1'),
(29, NULL, 6, 1, 'BAN LUAR FLEMMO 90 90 -14 GD 1', 'JT5618_1', 134680, 150000, 0, 1, 0, 1, 0, 0, '2018-06-10 21:05:15', 'Admin1', '2018-07-07 09:27:22', 'Admin1'),
(30, NULL, 6, 1, 'BAN DALAM FDR 225 250 - 17  GD 1', 'JT5618_2', 22320, 27000, 0, 1, 0, 1, 0, 0, '2018-06-10 21:07:17', 'Admin1', '2018-06-11 04:07:23', 'Admin1'),
(31, NULL, 6, 1, 'BAN DALAM FDR 275-17 GD 1', 'JT5618_3', 25200, 30000, 0, 1, 0, 1, 0, 0, '2018-06-10 21:08:09', 'Admin1', '2018-06-11 04:08:16', 'Admin1'),
(32, NULL, 1, 1, 'CVT SPRING TDR VARIO 125 1500 RPM', 'OM12518_1', 98000, 142000, 0, 1, 0, 1, 0, 0, '2018-06-10 23:06:40', 'Admin1', '2018-06-11 06:06:46', 'Admin1'),
(33, NULL, 1, 1, 'CVT SPRING TDR BEATVAR 2000 RPM', 'OM12518_2', 98000, 142000, 0, 1, 0, 1, 0, 0, '2018-06-10 23:07:23', 'Admin1', '2018-06-11 06:07:28', 'Admin1'),
(34, NULL, 1, 1, 'TDR ROLLER CVT VARIO 9 GR', 'OM12518_3', 68500, 100000, 0, 1, 0, 1, 0, 0, '2018-06-10 23:08:07', 'Admin1', '2018-06-11 06:08:12', 'Admin1'),
(35, NULL, 1, 1, 'CLUTCH SPRING SET TDR MIO 1500 RPM Y', 'OM12518_4', 29500, 43000, 0, 1, 0, 1, 0, 0, '2018-06-10 23:08:53', 'Admin1', '2018-06-11 06:09:00', 'Admin1'),
(36, NULL, 1, 1, 'WEIGHT CLUTCH LONGER SHOE TDR MIO', 'OM12518_5', 300000, 435000, 0, 1, 0, 1, 0, 0, '2018-06-10 23:09:46', 'Admin1', '2018-06-11 06:09:49', 'Admin1'),
(37, NULL, 5, 1, 'MESRAN SUPER O.8 ', 'TJ24318_1', 29200, 34000, 0, 1, 0, 1, 0, 0, '2018-06-11 02:10:46', 'Admin1', '2018-06-11 09:10:53', 'Admin1'),
(38, NULL, 5, 1, 'ENDURO 4 T', 'TJ24318_2', 34875, 44000, 0, 1, 0, 1, 0, 0, '2018-06-11 02:11:27', 'Admin1', '2018-06-11 09:11:32', 'Admin1'),
(39, NULL, 5, 1, 'FEDERAL UTECH', 'TJ24318_3', 30000, 35000, 0, 1, 0, 1, 0, 0, '2018-06-11 02:12:10', 'Admin1', '2018-06-11 09:12:15', 'Admin1'),
(40, NULL, 5, 1, 'ENDURO MATIC 0.8', 'TJ4618_1', 37200, 44000, 0, 1, 0, 1, 0, 0, '2018-06-12 02:12:48', 'Admin1', '2018-06-12 09:12:59', 'Admin1'),
(41, NULL, 2, 1, 'B-GIGI SPEDO ASSY BEATVARIO OSK', 'SN11618_', 11025, 22000, 0, 1, 0, 1, 0, 0, '2018-06-12 02:15:50', 'Admin1', '2018-06-12 09:15:57', 'Admin1'),
(42, NULL, 2, 1, 'B-KNOP SEN KHARISMA T', 'SN11618_2', 2100, 6000, 0, 1, 0, 1, 0, 0, '2018-06-12 02:16:37', 'Admin1', '2018-06-12 09:16:42', 'Admin1'),
(43, NULL, 2, 1, 'B-KNOP DIM KHARISMA T', 'SN11618_3', 2100, 6000, 0, 1, 0, 1, 0, 0, '2018-06-12 02:17:21', 'Admin1', '2018-06-12 09:17:30', 'Admin1'),
(44, NULL, 2, 1, 'B-FILTER SARINGAN HAMA MIO SOUL TZENG', 'SN11618_4', 16275, 25000, 0, 1, 0, 1, 0, 0, '2018-06-12 02:18:24', 'Admin1', '2018-06-12 09:18:29', 'Admin1'),
(45, NULL, 2, 1, 'B-HOLDER KANAN MIO 2003 OSK', 'SN11618_5', 15225, 25000, 0, 1, 0, 1, 0, 0, '2018-06-12 02:19:12', 'Admin1', '2018-06-12 09:19:17', 'Admin1'),
(46, NULL, 2, 1, 'B- GIGI  SPEDO ASSY BEATVARIO OSK', 'SN11618_1', 11025, 22000, 0, 1, 0, 1, 0, 0, '2018-07-02 02:24:45', 'Admin1', '2018-07-02 09:25:05', 'Admin1'),
(47, NULL, 5, 1, 'MPX 2', 'TJ2518_1', 38600, 46000, 0, 1, 0, 1, 0, 0, '2018-07-03 00:51:33', 'Admin1', '2018-07-03 07:51:41', 'Admin1'),
(48, NULL, 5, 1, 'FEDERAL MATIC ORANGE', 'TJ2518_2', 30500, 36000, 0, 1, 0, 1, 0, 0, '2018-07-03 00:52:35', 'Admin1', '2018-07-03 07:52:43', 'Admin1'),
(49, NULL, 2, 1, 'DISC PAD VARIO CBS MERK INDOPART', 'AJM25618_1', 16000, 22500, 0, 1, 0, 1, 0, 0, '2018-07-03 01:00:10', 'Admin1', '2018-07-04 07:08:33', 'Admin1'),
(50, NULL, 5, 1, 'ENDURO RACING', 'TJ28618_1', 46500, 54000, 0, 1, 0, 1, 0, 0, '2018-07-03 02:39:21', 'Admin1', '2018-07-03 09:39:27', 'Admin1'),
(51, NULL, 5, 1, 'YAMALUBE 4 T', 'TJ28618_2', 33800, 38000, 0, 1, 0, 1, 0, 0, '2018-07-03 02:39:59', 'Admin1', '2018-07-03 09:40:05', 'Admin1'),
(52, NULL, 2, 1, 'DISC PAD SUPRA X INDOPART', 'AJM25618_2', 14150, 20000, 0, 1, 0, 1, 0, 0, '2018-07-04 00:11:12', 'Admin1', '2018-07-04 07:11:17', 'Admin1'),
(53, NULL, 2, 1, 'DISC PAD JUPITER MX INDOPART', 'AJM25618_3', 15750, 22000, 0, 1, 0, 1, 0, 0, '2018-07-04 00:12:05', 'Admin1', '2018-07-04 07:12:11', 'Admin1'),
(54, NULL, 2, 1, 'FILTER UDARA MIO MERK GENUIN', 'AJM25618_4', 34970, 50000, 0, 1, 0, 1, 0, 0, '2018-07-04 00:12:52', 'Admin1', '2018-07-04 07:12:57', 'Admin1'),
(55, NULL, 2, 1, 'GIGI SPEDO REVO ABS MERK AHM', 'AJM25618_5', 58250, 82000, 0, 1, 0, 1, 0, 0, '2018-07-04 00:13:52', 'Admin1', '2018-07-04 07:13:57', 'Admin1'),
(56, NULL, 2, 1, 'COMSTIR SET MIO MERK INDOPART', 'AJM25618_6', 36650, 52000, 0, 1, 0, 1, 0, 0, '2018-07-04 00:14:49', 'Admin1', '2018-07-04 07:15:02', 'Admin1'),
(57, NULL, 2, 1, 'TOMBOL SEN SUPRA X 125 MERK GENUIN', 'AJM25618_7', 15650, 22000, 0, 1, 0, 1, 0, 0, '2018-07-04 00:16:01', 'Admin1', '2018-07-04 07:16:06', 'Admin1'),
(58, NULL, 2, 1, 'MANUPAL CARBULATOR SCORPIO MERK GENUIN', 'AJM25618_8', 89000, 125000, 0, 1, 0, 1, 0, 0, '2018-07-04 00:16:51', 'Admin1', '2018-07-04 07:16:54', 'Admin1'),
(59, NULL, 6, 1, 'BAN TUBLES 90- 90 R 14', 'NT13618_1', 162750, 187000, 0, 1, 0, 1, 0, 0, '2018-07-06 20:35:30', 'Admin1', '2018-07-07 03:45:54', 'Admin1'),
(60, NULL, 6, 1, 'BAN 90-90 R 14', 'NT13618_2', 131625, 148000, 0, 1, 0, 1, 0, 0, '2018-07-06 20:53:05', 'Admin1', '2018-07-07 03:53:10', 'Admin1'),
(61, NULL, 6, 1, 'BAN TUBLES 80-90 R 14', 'NT13618_3', 141750, 163000, 0, 1, 0, 1, 0, 0, '2018-07-06 20:54:10', 'Admin1', '2018-07-07 03:54:16', 'Admin1'),
(62, NULL, 2, 1, 'CHAIN DRIVE RANTAI 428-106', 'AS21518_1', 48600, 70000, 0, 1, 0, 1, 0, 0, '2018-07-06 20:59:57', 'Admin1', '2018-07-07 04:00:04', 'Admin1'),
(63, NULL, 2, 1, 'CHAIN DRIVE RANTAI 428-108', 'AS21518_2', 49410, 70000, 0, 1, 0, 1, 0, 0, '2018-07-06 21:01:22', 'Admin1', '2018-07-07 04:01:28', 'Admin1'),
(64, NULL, 2, 1, 'BULP H4 12V25-25W', 'AS21518_3', 9720, 15000, 0, 1, 0, 1, 0, 0, '2018-07-06 21:02:34', 'Admin1', '2018-07-07 04:02:38', 'Admin1'),
(65, NULL, 6, 1, 'SUPR KAMPAS REM', 'NT13618_4', 37200, 55000, 0, 1, 0, 1, 0, 0, '2018-07-06 21:19:10', 'Admin1', '2018-07-07 04:19:17', 'Admin1'),
(66, NULL, 6, 1, 'SCOOTER GE', 'NT13618_5', 11700, 17000, 0, 1, 0, 1, 0, 0, '2018-07-06 21:21:57', 'Admin1', '2018-07-07 04:22:05', 'Admin1'),
(67, NULL, 2, 1, 'SHOE SET BRAKE', 'AS22618_1', 26827, 39000, 0, 1, 0, 1, 0, 0, '2018-07-07 02:14:17', 'Admin1', '2018-07-07 09:14:23', 'Admin1'),
(68, NULL, 2, 1, 'MIRROR BACK (SET)', 'AS22618_2', 22680, 33000, 0, 1, 0, 1, 0, 0, '2018-07-07 02:17:56', 'Admin1', '2018-07-07 09:18:00', 'Admin1'),
(69, NULL, 2, 1, 'PAD SET FR', 'AS22618_3', 19375, 28000, 0, 1, 0, 1, 0, 0, '2018-07-07 02:18:35', 'Admin1', '2018-07-07 09:18:42', 'Admin1'),
(70, NULL, 6, 1, 'IRC BAN LUAR  80-90 RING 14 NR76', 'PT23618_1', 109440, 125000, 0, 1, 0, 1, 0, 0, '2018-07-20 23:03:28', 'Admin1', '2018-07-21 06:03:51', 'Admin1'),
(71, NULL, 6, 1, 'IRC BAN LUAR 90-90 RING 14 SS530 R', 'PT23618_2', 131040, 150000, 0, 1, 0, 1, 0, 0, '2018-07-20 23:06:32', 'Admin1', '2018-07-21 06:06:47', 'Admin1'),
(72, NULL, 5, 1, 'OLI MPX 2 08', 'TJ23718_1', 39600, 46000, 0, 1, 0, 1, 0, 0, '2018-07-27 20:34:27', 'Admin1', '2018-07-28 03:34:33', 'Admin1'),
(73, NULL, 1, 1, '087.012 SPARK PLUG TDR TWIN IRIDIUM 071T', 'OM24718_1', 85000, 125000, 0, 1, 0, 1, 0, 0, '2018-07-27 20:37:20', 'Admin1', '2018-07-28 03:37:27', 'Admin1'),
(74, NULL, 1, 1, '087.013 SPAARK PLUG TDR TWIN IRIDIUM 085T', 'OM24718_2', 85000, 125000, 0, 1, 0, 1, 0, 0, '2018-07-27 20:38:10', 'Admin1', '2018-07-28 03:38:15', 'Admin1'),
(75, NULL, 1, 1, '087.001 SPARK PLUG TDR V BALLISTIC 065', 'OM24718_3', 22500, 34000, 0, 1, 0, 1, 0, 0, '2018-07-27 20:39:48', 'Admin1', '2018-07-28 03:39:53', 'Admin1'),
(76, NULL, 1, 1, 'BAGASI TGP SUPRA X 125 NEW FUEL INJECTION', 'TP24718_1', 30600, 45000, 0, 1, 0, 1, 0, 0, '2018-07-27 20:45:07', 'Admin1', '2018-07-28 03:45:11', 'Admin1'),
(77, NULL, 1, 1, 'LEG SHIELD CONTAINER MIO (HITAM)', 'TP24718_2', 45280, 66000, 0, 1, 0, 1, 0, 0, '2018-07-27 20:46:26', 'Admin1', '2018-07-28 03:47:03', 'Admin1'),
(78, NULL, 6, 1, 'IRC BAN LUAR 80-90  R 17 NR 69', 'PT26718_1', 136800, 155000, 0, 1, 0, 1, 0, 0, '2018-07-27 20:56:45', 'Admin1', '2018-07-28 03:56:50', 'Admin1'),
(79, NULL, 6, 1, 'IRC BAN LUAR 90-90 R 14 NR 83 TL', 'PT26718_2', 155940, 175000, 0, 1, 0, 1, 0, 0, '2018-07-27 20:59:16', 'Admin1', '2018-07-28 03:59:25', 'Admin1'),
(80, NULL, 1, 1, 'VISOR VARIO 110 F1 (HTAM)', 'TP25718_1', 30800, 45000, 0, 1, 0, 1, 0, 0, '2018-07-27 23:49:39', 'Admin1', '2018-07-28 06:49:44', 'Admin1'),
(81, NULL, 1, 1, 'WIND SHIELD SCOOPY (BENING)', 'TP25718_2', 69200, 100000, 0, 1, 0, 1, 0, 0, '2018-07-28 02:13:56', 'Admin1', '2018-07-28 09:14:01', 'Admin1'),
(82, NULL, 6, 1, 'BAN LUAR FLEMMO PRO GDS 70-90 R 14', 'JT26718_1', 91575, 105000, 0, 1, 0, 1, 0, 0, '2018-08-03 23:31:28', 'Admin1', '2018-08-04 07:47:21', 'Admin1'),
(83, NULL, 1, 1, 'SHOCK STLN Z SERIES MIO AMV', 'SP6818_1', 106700, 158000, 0, 1, 0, 1, 0, 0, '2018-08-10 20:21:01', 'Admin1', '2018-08-11 03:23:08', 'Admin1'),
(84, NULL, 1, 1, 'SHOCK STLN Z SERIES MIO (P) AMV', 'SP6818_2', 106700, 158000, 0, 1, 0, 1, 0, 0, '2018-08-10 21:26:34', 'Admin1', '2018-08-11 04:26:38', 'Admin1'),
(85, NULL, 1, 1, 'PENINGGI STANG FATBAR (H) AGRAS', 'SP6818_3', 49470, 73000, 0, 1, 0, 1, 0, 0, '2018-08-10 21:27:44', 'Admin1', '2018-08-11 04:27:49', 'Admin1'),
(86, NULL, 1, 1, 'PER KAMPAS KPL RACING JUP Z TDR', 'SP6818_4', 60140, 89000, 0, 1, 0, 1, 0, 0, '2018-08-10 21:30:49', 'Admin1', '2018-08-11 04:30:59', 'Admin1'),
(87, NULL, 1, 1, 'HANFAT TRANSPARAN CORAK IGAWAMOSH', 'SP6818_5', 15035, 25000, 0, 1, 0, 1, 0, 0, '2018-08-10 21:32:19', 'Admin1', '2018-08-11 04:32:29', 'Admin1'),
(88, NULL, 1, 1, 'SEN FAIRING LED SEGITIGA (K) LSMN  GMA', 'SP6818_6', 26675, 40000, 0, 1, 0, 1, 0, 0, '2018-08-10 21:33:43', 'Admin1', '2018-08-11 04:33:51', 'Admin1'),
(89, NULL, 2, 1, 'FILTER UDARA VARIO 125 (KZR)', 'AJM18818_1', 43600, 65000, 0, 1, 0, 1, 0, 0, '2018-08-31 20:10:18', 'Admin1', '2018-09-01 03:11:10', 'Admin1'),
(90, NULL, 2, 1, 'FILTER UDARA VARIO 1104 (KVB)', 'AJM18818_2', 43600, 65000, 0, 1, 0, 1, 0, 0, '2018-08-31 20:13:49', 'Admin1', '2018-09-01 03:14:08', 'Admin1'),
(91, NULL, 2, 1, 'FILTER UDARA SUPRA X 125 INJEKSIKLO 3', 'AJM18818_3', 34000, 50000, 0, 1, 0, 1, 0, 0, '2018-08-31 20:15:50', 'Admin1', '2018-09-01 03:15:56', 'Admin1'),
(92, NULL, 2, 1, 'FILTER UDARA SPIN ', 'AJM18818_4', 28536, 42000, 0, 1, 0, 1, 0, 0, '2018-08-31 20:17:32', 'Admin1', '2018-09-01 03:17:43', 'Admin1'),
(93, NULL, 2, 1, 'FILTER UDARA JUPITER MX  (157)', 'AJM18818_5', 29520, 43000, 0, 1, 0, 1, 0, 0, '2018-08-31 20:18:51', 'Admin1', '2018-09-01 03:18:55', 'Admin1'),
(94, NULL, 2, 1, 'FILTER UDARA VIXION (3C1)', 'AJM18818_6', 31160, 45000, 0, 1, 0, 1, 0, 0, '2018-08-31 20:21:59', 'Admin1', '2018-09-01 03:22:07', 'Admin1'),
(95, NULL, 2, 1, 'RUMAH ROLLER MIO GT', 'AJM18818_7', 55760, 82000, 0, 1, 0, 1, 0, 0, '2018-08-31 20:22:45', 'Admin1', '2018-09-01 03:22:57', 'Admin1'),
(96, NULL, 1, 1, 'RAISER STANG CNC + RING EMAS SHARK POWER', 'RJ13818_1', 46075, 69000, 0, 1, 0, 1, 0, 0, '2018-08-31 20:28:18', 'Admin1', '2018-09-01 03:28:22', 'Admin1'),
(97, NULL, 1, 1, 'RAISER STANG 2 TONE TEBAL + RING EMAS PANOM', 'RJ13818_2', 50925, 76000, 0, 1, 0, 1, 0, 0, '2018-08-31 20:29:18', 'Admin1', '2018-09-01 03:29:22', 'Admin1'),
(98, NULL, 1, 1, 'RAISER STANG 2 TONE MIRING + RING MERAH PANOM', 'RJ13818_3', 50925, 76000, 0, 1, 0, 1, 0, 0, '2018-08-31 20:30:18', 'Admin1', '2018-09-01 03:30:22', 'Admin1'),
(99, NULL, 1, 1, 'KUNCI DISC BULAT ALM EMAS MACHIMURA', 'RJ13818_4', 24250, 36000, 0, 1, 0, 1, 0, 0, '2018-08-31 20:31:38', 'Admin1', '2018-09-01 03:31:40', 'Admin1'),
(100, NULL, 1, 1, 'KUNCI DISC BULAT ALM MERAH MACHIMURA', 'RJ13818_5', 24250, 36000, 0, 1, 0, 1, 0, 0, '2018-08-31 20:32:30', 'Admin1', '2018-09-01 03:32:33', 'Admin1'),
(101, NULL, 1, 1, 'KUNCI DISC BULAT ALM SILVER MACHIMURA', 'RJ13818_6', 24250, 36000, 0, 1, 0, 1, 0, 0, '2018-08-31 20:33:35', 'Admin1', '2018-09-01 03:33:37', 'Admin1'),
(102, NULL, 1, 1, 'SPAKBOR DEPAN KLX 250 BIRU POLOS', 'RJ13818_7', 22310, 34000, 0, 1, 0, 1, 0, 0, '2018-08-31 20:34:57', 'Admin1', '2018-09-01 03:35:02', 'Admin1'),
(103, NULL, 1, 1, 'SPAKBOR DEPAN KLX 250 HIJAU POLOS', 'RJ13818_8', 22310, 34000, 0, 1, 0, 1, 0, 0, '2018-08-31 20:36:12', 'Admin1', '2018-09-01 03:36:16', 'Admin1'),
(104, NULL, 1, 1, 'SPAKBOR DEPAN KLX 250 ORANGE POLOS', 'RJ13818_9', 22310, 34000, 0, 1, 0, 1, 0, 0, '2018-08-31 20:37:09', 'Admin1', '2018-09-01 03:37:14', 'Admin1'),
(105, NULL, 1, 1, 'SPAKBOR DEPAN KLX 250 PUTIH POLOS', 'RJ13818_10', 22310, 34000, 0, 1, 0, 1, 0, 0, '2018-08-31 20:38:18', 'Admin1', '2018-09-01 03:38:22', 'Admin1'),
(106, NULL, 1, 1, 'SPAKBOR DEPAN KLX 150 KUNING POLOS', 'RJ13818_11', 19400, 30000, 0, 1, 0, 1, 0, 0, '2018-08-31 20:39:10', 'Admin1', '2018-09-01 03:39:14', 'Admin1'),
(107, NULL, 1, 1, 'SPAKBOR DEPAN KLX 150 ORANGE POLOS', 'RJ13818_12', 19400, 30000, 0, 1, 0, 1, 0, 0, '2018-08-31 20:40:08', 'Admin1', '2018-09-01 03:40:12', 'Admin1'),
(108, NULL, 1, 1, 'SPAKBOR BRLAKANG KLX 150 PENDEK BIRU POLOS', 'RJ13818_13', 12610, 20000, 0, 1, 0, 1, 0, 0, '2018-08-31 20:41:10', 'Admin1', '2018-09-01 03:41:17', 'Admin1'),
(109, NULL, 1, 1, 'SPAKBOR BELAKANG KLX 150 PENDEK MERAH POLOS', 'RJ13818_14', 12610, 20000, 0, 1, 0, 1, 0, 0, '2018-08-31 20:42:00', 'Admin1', '2018-09-01 03:42:04', 'Admin1'),
(110, NULL, 1, 1, 'SPAKBOR BELAKANG KLX NEW ORANGE POLOS', 'RJ13818_15', 16975, 26000, 0, 1, 0, 1, 0, 0, '2018-08-31 20:43:15', 'Admin1', '2018-09-01 03:43:19', 'Admin1'),
(111, NULL, 5, 1, 'JAMALUBE SPORT 2AX1', 'TJ6818_1', 42000, 48000, 0, 1, 0, 1, 0, 0, '2018-08-31 20:48:57', 'Admin1', '2018-09-01 03:49:03', 'Admin1'),
(112, NULL, 5, 1, 'OLI FEDERAL 08', 'TJ20818_1', 30000, 35000, 0, 1, 0, 1, 0, 0, '2018-08-31 20:50:11', 'Admin1', '2018-09-01 03:50:22', 'Admin1'),
(113, NULL, 5, 1, 'OLI FODURO RACING', 'TJ20818_2', 46500, 54000, 0, 1, 0, 1, 0, 0, '2018-08-31 20:51:06', 'Admin1', '2018-09-01 04:01:21', 'Admin1'),
(114, NULL, 1, 1, 'SPION DAYTONA KACA BLUR KC BIRU RIDE IT', 'RJ25818_1', 52500, 77000, 0, 1, 0, 1, 0, 0, '2018-08-31 21:05:29', 'Admin1', '2018-09-01 04:05:31', 'Admin1'),
(115, NULL, 1, 1, 'SPION DAYTONA CROM KACA CLEAR KC PUTIH RIDE IT', 'RJ25818_2', 52500, 77000, 0, 1, 0, 1, 0, 0, '2018-08-31 21:06:26', 'Admin1', '2018-09-01 04:06:28', 'Admin1'),
(116, NULL, 1, 1, 'SAMBUNGAN SHOCK DEPAN VIXION (C) POLOS', 'RJ25818_3', 47500, 69000, 0, 1, 0, 1, 0, 0, '2018-08-31 21:07:54', 'Admin1', '2018-09-01 04:08:22', 'Admin1'),
(117, NULL, 1, 1, 'JALU AS RODA BUAH NAGA SILVER AND', 'RJ25818_4', 29000, 43000, 0, 1, 0, 1, 0, 0, '2018-08-31 21:09:16', 'Admin1', '2018-09-01 04:09:20', 'Admin1'),
(118, NULL, 1, 1, 'DUDUKAN SHOCK BAWAH ALM + BAUT MATIC (B) AMV', 'RJ25818_5', 9000, 15000, 0, 1, 0, 1, 0, 0, '2018-08-31 21:10:14', 'Admin1', '2018-09-01 04:10:17', 'Admin1'),
(119, NULL, 1, 1, 'DUDUKAN SHOCK BAWAH ALM + BAUT MATIC (M) AMV', 'RJ25818_6', 9000, 15000, 0, 1, 0, 1, 0, 0, '2018-08-31 21:11:11', 'Admin1', '2018-09-01 04:11:20', 'Admin1'),
(120, NULL, 1, 1, 'DUDUKAN SHOCK BAWAH ALM + BAUT MATIC(E) AMV', 'RJ25818_7', 9000, 15000, 0, 1, 0, 1, 0, 0, '2018-08-31 21:12:07', 'Admin1', '2018-09-01 04:12:11', 'Admin1'),
(121, NULL, 1, 1, 'BAUT KERUCUT KUNCI L BIRU IGAWA', 'RJ25818_8', 900, 2000, 0, 1, 0, 1, 0, 0, '2018-08-31 21:12:49', 'Admin1', '2018-09-01 04:12:52', 'Admin1'),
(122, NULL, 1, 1, 'BAUT KERUCUT KUNCI L MERAH IGAWA', 'RJ25818_9', 900, 2000, 0, 1, 0, 1, 0, 0, '2018-08-31 21:13:22', 'Admin1', '2018-09-01 04:13:26', 'Admin1'),
(123, NULL, 1, 1, 'BAUT KERUCUT KUNCI L SILVER IGAWA', 'RJ25818_10', 900, 2000, 0, 1, 0, 1, 0, 0, '2018-08-31 21:13:57', 'Admin1', '2018-09-01 04:14:01', 'Admin1'),
(124, NULL, 1, 1, 'BAUT KERUCUT KUNCI L UNGU IGAWA ', 'RJ25818_11', 900, 2000, 0, 1, 0, 1, 0, 0, '2018-08-31 21:14:30', 'Admin1', '2018-09-01 04:14:34', 'Admin1'),
(125, NULL, 2, 1, 'B-DISPAD AST SUPRA X OSK', 'SN15818_1', 5775, 10000, 0, 1, 0, 1, 0, 0, '2018-08-31 21:22:36', 'Admin1', '2018-09-01 04:22:46', 'Admin1'),
(126, NULL, 2, 1, 'B-DISPAD JUPITER MX OSK', 'SN15818_2', 6037, 10000, 0, 1, 0, 1, 0, 0, '2018-08-31 21:24:05', 'Admin1', '2018-09-01 04:24:38', 'Admin1'),
(127, NULL, 2, 1, 'B-DISPAD MIO M3OSK', 'SN15818_3', 6037, 10000, 0, 1, 0, 1, 0, 0, '2018-08-31 21:27:23', 'Admin1', '2018-09-01 04:27:26', 'Admin1'),
(128, NULL, 2, 1, 'B-CAKEPAN HANDEL KOPLING (L)  SATRIA F 150 OSK', 'SN15818_4', 12075, 20000, 0, 1, 0, 1, 0, 0, '2018-08-31 21:28:50', 'Admin1', '2018-09-01 04:28:55', 'Admin1'),
(129, NULL, 2, 1, 'B-HOLDER KIRI TIGER OSK ', 'SN15818_5', 34125, 50000, 0, 1, 0, 1, 0, 0, '2018-08-31 21:29:33', 'Admin1', '2018-09-01 04:29:38', 'Admin1'),
(130, NULL, 2, 1, 'B-HOLDER KANAN TIGER HKR', 'SN15818_6', 32025, 48000, 0, 1, 0, 1, 0, 0, '2018-08-31 21:30:36', 'Admin1', '2018-09-01 04:30:45', 'Admin1'),
(131, NULL, 2, 1, 'B-SEKERING KONTAK 15 A NEW SHOGUN T', 'SN15818_7', 252, 1000, 0, 1, 0, 1, 0, 0, '2018-08-31 21:31:30', 'Admin1', '2018-09-01 04:31:38', 'Admin1'),
(132, NULL, 2, 1, 'B-SEKERING KONTAK 10 A KHARISMA T', 'SN15818_8', 252, 1000, 0, 1, 0, 1, 0, 0, '2018-08-31 21:32:15', 'Admin1', '2018-09-01 04:32:19', 'Admin1'),
(133, NULL, 2, 1, 'B-SEKERING KONTAK 20 A KHARISMA T', 'SN15818_', 252, 1000, 0, 1, 0, 1, 0, 0, '2018-08-31 21:33:04', 'Admin1', '2018-09-01 04:33:10', 'Admin1'),
(134, NULL, 2, 1, 'B-SLANG BENSIN WARNA HONDA T', 'SN29818_1', 945, 2500, 0, 1, 0, 1, 0, 0, '2018-08-31 21:39:48', 'Admin1', '2018-09-01 04:39:57', 'Admin1'),
(135, NULL, 2, 1, 'A-ROLLER SET 10G SPIN-10G CHOHO', 'SN29818_2', 27000, 40000, 0, 1, 0, 1, 0, 0, '2018-08-31 21:43:36', 'Admin1', '2018-09-01 04:43:51', 'Admin1'),
(136, NULL, 2, 1, 'A-ROLLER SET 11G SPIN-11G CHOHO', 'SN29818_3', 27000, 40000, 0, 1, 0, 1, 0, 0, '2018-08-31 21:45:00', 'Admin1', '2018-09-01 04:45:07', 'Admin1'),
(137, NULL, 2, 1, 'D-BATOK LAMPU DEPAN HITAM SUPRA X 125 07 TENSHI', 'SN23818_1', 48626, 73000, 0, 1, 0, 1, 0, 0, '2018-08-31 21:49:23', 'Admin1', '2018-09-01 04:49:27', 'Admin1'),
(138, NULL, 2, 1, 'B-MANIPOL CARBURATOR SATRIA 150 NAGOYA', 'SN23818_2', 17325, 26000, 0, 1, 0, 1, 0, 0, '2018-08-31 21:50:48', 'Admin1', '2018-09-01 04:50:53', 'Admin1'),
(139, NULL, 1, 1, 'VASP2193  SPION TANDUK PELANGI KV BIRU KOTAK MSX', 'SP25818-1', 123675, 175000, 0, 1, 0, 1, 0, 0, '2018-08-31 22:03:36', 'Admin1', '2018-09-01 05:03:38', 'Admin1'),
(140, NULL, 1, 1, 'VASP2196  SPION TANDUK PELANGI KC BIRU (3087) BULAT MORITECH', 'SP25818_2', 123675, 175000, 0, 1, 0, 1, 0, 0, '2018-08-31 22:04:45', 'Admin1', '2018-09-01 05:04:49', 'Admin1'),
(141, NULL, 1, 1, 'VAB01037  BOLAM HALOGEN M116 67 WATT GRAND(PB) RTD', 'SP25818_3', 59170, 82000, 0, 1, 0, 1, 0, 0, '2018-08-31 22:06:02', 'Admin1', '2018-09-01 05:06:07', 'Admin1'),
(142, NULL, 2, 1, '11-OS-160  SHOCKABSORBER OIL ', 'AS23818_1', 6480, 9500, 0, 1, 0, 1, 0, 0, '2018-08-31 22:09:35', 'Admin1', '2018-09-01 05:09:40', 'Admin1'),
(143, NULL, 2, 1, ' SHOCKABSORBER OIL ', 'AS25818_1', 6480, 9500, 0, 1, 0, 1, 0, 0, '2018-08-31 22:11:50', 'Admin1', '2018-09-01 05:11:55', 'Admin1'),
(144, NULL, 2, 1, '11-6300  BEARING BALL ', 'AS14818_1', 12260, 17000, 0, 1, 0, 1, 0, 0, '2018-08-31 22:16:50', 'Admin1', '2018-09-01 05:16:55', 'Admin1'),
(145, NULL, 2, 1, 'BRAKE FLUID', 'AS14818_2', 4860, 7000, 0, 1, 0, 1, 0, 0, '2018-08-31 22:18:32', 'Admin1', '2018-09-01 05:18:36', 'Admin1'),
(146, NULL, 1, 1, 'COP BUSI NEW INVERSAL KITACO', 'TK28818_1', 23500, 35000, 0, 1, 0, 1, 0, 0, '2018-08-31 22:28:13', 'Admin1', '2018-09-01 05:28:18', 'Admin1'),
(147, NULL, 1, 1, 'PER CVT (2000 RPM) VARIO (M) KITACO', 'TK28818_2', 78000, 113000, 0, 1, 0, 1, 0, 0, '2018-08-31 22:29:44', 'Admin1', '2018-09-01 05:29:50', 'Admin1'),
(148, NULL, 1, 1, 'PER CVT (1500  RPM) MIO J (B) KITACO', 'TK28818_3', 70500, 105000, 0, 1, 0, 1, 0, 0, '2018-08-31 22:33:01', 'Admin1', '2018-09-01 05:33:06', 'Admin1'),
(149, NULL, 1, 1, 'SHOCK STLN RI B1I 320 (M) RIDE IT', 'TK28818_4', 150000, 220000, 0, 1, 0, 1, 0, 0, '2018-08-31 22:36:52', 'Admin1', '2018-09-01 05:37:08', 'Admin1'),
(150, NULL, 1, 1, 'SHOCK STLN RI B1 1 ', 'TK28818_5', 150000, 220000, 0, 1, 0, 1, 0, 0, '2018-08-31 22:38:09', 'Admin1', '2018-09-01 05:38:13', 'Admin1'),
(151, NULL, 1, 1, 'WINSHIELD + KLEMAN N MAX (H) FX IREME', 'TK28818_6', 90000, 130000, 0, 1, 0, 1, 0, 0, '2018-08-31 22:40:09', 'Admin1', '2018-09-01 05:40:14', 'Admin1'),
(152, NULL, 6, 1, 'BAN LUAR FLEMMOPRO 7090 R 14', 'JT30718_1', 91575, 105000, 0, 1, 0, 1, 0, 0, '2018-08-31 22:53:46', 'Admin1', NULL, NULL),
(153, NULL, 6, 1, 'BAN LUAR FLEMMINO TUBELESS 90-90 R 14', 'JT26718_2', 156880, 176000, 0, 1, 0, 1, 0, 0, '2018-08-31 22:57:07', 'Admin1', '2018-09-01 05:57:37', 'Admin1'),
(154, NULL, 6, 1, 'BAN LUAR FLEMMO 80-90 R 14 GDS', 'JT26718_3', 109520, 123000, 0, 1, 0, 1, 0, 0, '2018-08-31 22:58:21', 'Admin1', '2018-09-01 05:58:26', 'Admin1'),
(155, NULL, 1, 1, 'CVT SPRING TDR MIO M3 1500 RPM YEL', 'OM28818_1', 102500, 148000, 0, 1, 0, 1, 0, 0, '2018-08-31 23:02:17', 'Admin1', '2018-09-01 06:02:21', 'Admin1'),
(156, NULL, 1, 1, 'TDR ROLLER CVT SPINVAR 125PCX 8 GR ', 'OM28818_2', 108000, 156000, 0, 1, 0, 1, 0, 0, '2018-08-31 23:03:22', 'Admin1', '2018-09-01 06:03:26', 'Admin1'),
(157, NULL, 1, 1, 'TDR ROLLER CVT MIO 8 GR', 'OM28818_3', 61500, 90000, 0, 1, 0, 1, 0, 0, '2018-08-31 23:03:57', 'Admin1', '2018-09-01 06:04:00', 'Admin1'),
(158, NULL, 1, 1, 'RELAY LAMPU TOURING + SETELAN', 'SP4918_1', 27160, 40000, 0, 1, 0, 1, 0, 0, '2018-09-14 20:24:46', 'Admin1', '2018-09-15 03:24:50', 'Admin1'),
(159, NULL, 1, 1, 'PENINGGI STANG', 'SP2918_2', 50440, 73000, 0, 1, 0, 1, 0, 0, '2018-09-14 20:26:05', 'Admin1', '2018-09-15 03:26:14', 'Admin1'),
(160, NULL, 1, 1, 'CVT SPRING TDR BEATVARIO 1500 RPM', 'OM31818_1', 98000, 142000, 0, 1, 0, 1, 0, 0, '2018-09-14 20:29:27', 'Admin1', '2018-09-15 03:29:31', 'Admin1'),
(161, NULL, 1, 1, 'SPION KOTAK CROME', 'KJM1918_1', 32000, 47000, 0, 1, 0, 1, 0, 0, '2018-09-14 23:48:39', 'Admin1', '2018-09-15 06:48:57', 'Admin1'),
(162, NULL, 1, 1, 'BOLAM BEBEK 2 SISI ACDC ', 'KJM1918_2', 26000, 38000, 0, 1, 0, 1, 0, 0, '2018-09-14 23:49:32', 'Admin1', '2018-09-15 06:49:36', 'Admin1'),
(163, NULL, 1, 1, 'KARET HANDLE', 'KJM1918_3', 6500, 10000, 0, 1, 0, 1, 0, 0, '2018-09-14 23:50:01', 'Admin1', '2018-09-15 06:50:10', 'Admin1'),
(164, NULL, 1, 1, 'BOTOL OLI DOT WARNA KACA', 'KJM1918_4', 8000, 15000, 0, 1, 0, 1, 0, 0, '2018-09-14 23:50:45', 'Admin1', '2018-09-15 06:50:56', 'Admin1'),
(165, NULL, 1, 1, 'BOTOL OLI PUTIH', 'KJM1918_5', 7000, 14000, 0, 1, 0, 1, 0, 0, '2018-09-14 23:51:34', 'Admin1', '2018-09-15 06:51:55', 'Admin1'),
(166, NULL, 1, 1, 'PROGUARD CR 7', 'KJM1918_6', 35000, 52000, 0, 1, 0, 1, 0, 0, '2018-09-14 23:52:30', 'Admin1', '2018-09-15 06:52:36', 'Admin1'),
(167, NULL, 1, 1, 'SPION FU CARBON', 'KJM1918_7', 55000, 82000, 0, 1, 0, 1, 0, 0, '2018-09-14 23:53:03', 'Admin1', '2018-09-15 06:53:08', 'Admin1'),
(168, NULL, 1, 1, 'BOLAM BEBEK ACDC RID', 'KJM1918_8', 55000, 82000, 0, 1, 0, 1, 0, 0, '2018-09-14 23:53:40', 'Admin1', '2018-09-15 06:53:45', 'Admin1'),
(169, NULL, 1, 1, 'GRIP CARBON F-B', 'KJM1918_9', 18000, 27000, 0, 1, 0, 1, 0, 0, '2018-09-14 23:54:19', 'Admin1', '2018-09-15 06:54:24', 'Admin1'),
(170, NULL, 1, 1, 'LAMPU ALIS CR 7', 'KJM1918_10', 20000, 30000, 0, 1, 0, 1, 0, 0, '2018-09-14 23:57:01', 'Admin1', '2018-09-15 06:57:06', 'Admin1'),
(171, NULL, 1, 1, 'SHOCK DKD 02280 MIP', 'KJM1918_11', 130000, 190000, 0, 1, 0, 1, 0, 0, '2018-09-14 23:57:57', 'Admin1', '2018-09-15 06:58:48', 'Admin1'),
(172, NULL, 2, 1, 'STANDAR TENGAH VARIO-AHM', 'AJM4918_1', 90000, 130000, 0, 1, 0, 1, 0, 0, '2018-09-15 00:02:53', 'Admin1', '2018-09-15 07:02:57', 'Admin1'),
(173, NULL, 1, 1, 'SHOCK SETELAN RI B1 1 280 (M) RIDE IT', 'TK101018_1', 150000, 220000, 0, 1, 0, 1, 0, 0, '2018-09-15 00:05:44', 'Admin1', '2018-09-15 07:05:51', 'Admin1'),
(174, NULL, 1, 1, 'SHOCK SETELAN RI B1 1 280 (P) RIDE IT', 'TK101018_2', 150000, 220000, 0, 1, 0, 1, 0, 0, '2018-09-15 00:06:37', 'Admin1', '2018-09-15 07:06:43', 'Admin1'),
(175, NULL, 1, 1, 'TEMPAT PLAT NO CEMBUNG (H) BIAGGI', 'TK101018_3', 14000, 22000, 0, 1, 0, 1, 0, 0, '2018-09-15 00:07:43', 'Admin1', '2018-09-15 07:07:49', 'Admin1'),
(176, NULL, 1, 1, 'STANDART TENGAH BEAT (WIN)', 'AJM1918_1', 38500, 60000, 0, 1, 0, 1, 0, 0, '2018-09-15 00:09:08', 'Admin1', '2018-09-15 07:09:12', 'Admin1'),
(177, NULL, 1, 1, 'BOLAM BEBEK TTD', 'KJM23818_1', 57500, 82000, 0, 1, 0, 1, 0, 0, '2018-09-15 00:12:59', 'Admin1', '2018-09-15 07:13:10', 'Admin1'),
(178, NULL, 1, 1, 'LAMPU ALIS 30 CM', 'KJM23818_2', 21000, 30000, 0, 1, 0, 1, 0, 0, '2018-09-15 00:13:42', 'Admin1', '2018-09-15 07:13:46', 'Admin1'),
(179, NULL, 1, 1, 'SEN REMOT', 'KJM23818_3', 42500, 60000, 0, 1, 0, 1, 0, 0, '2018-09-15 00:14:21', 'Admin1', '2018-09-15 07:14:25', 'Admin1'),
(180, NULL, 1, 1, 'CARBU PE 28', 'KJM23818_4', 115000, 162000, 0, 1, 0, 1, 0, 0, '2018-09-15 00:15:08', 'Admin1', '2018-09-15 07:15:12', 'Admin1'),
(181, NULL, 1, 1, 'COLER AS RODA NOGA M-E-B', 'KJM23818_5', 28000, 40000, 0, 1, 0, 1, 0, 0, '2018-09-15 00:16:04', 'Admin1', '2018-09-15 07:16:08', 'Admin1'),
(182, NULL, 1, 1, 'BOLP DEPAN VESPA(SILEA)', 'RJM15818_1', 4250, 10000, 0, 1, 0, 1, 0, 0, '2018-09-15 01:22:25', 'Admin1', '2018-09-15 08:22:29', 'Admin1'),
(183, NULL, 1, 1, 'BOLP HALOGEN VESPA (KGW)', 'RJM15818_2', 6250, 12000, 0, 1, 0, 1, 0, 0, '2018-09-15 01:23:09', 'Admin1', '2018-09-15 08:23:13', 'Admin1'),
(184, NULL, 1, 1, 'AKI GM52-3B', 'RJM16818_1', 126000, 142000, 0, 1, 0, 1, 0, 0, '2018-09-15 01:26:21', 'Admin1', '2018-09-15 08:26:26', 'Admin1'),
(185, NULL, 1, 1, 'AKI GT 6 A', 'RJM16818_2', 166500, 187000, 0, 1, 0, 1, 0, 0, '2018-09-15 01:26:52', 'Admin1', '2018-09-15 08:26:53', 'Admin1'),
(186, NULL, 1, 1, 'RANTAI RODA 420 - 108', 'RJ16818_3', 41250, 60000, 0, 1, 0, 1, 0, 0, '2018-09-15 01:27:46', 'Admin1', '2018-09-15 08:27:49', 'Admin1'),
(187, NULL, 1, 1, 'RANTAI RODA 420 108', 'RJM16818_3', 41250, 60000, 0, 1, 0, 1, 0, 0, '2018-09-15 01:28:41', 'Admin1', '2018-09-15 08:28:47', 'Admin1'),
(188, NULL, 1, 1, 'FILTER UDARA VARIO 110 INJEKSI', 'RJM16818_4', 40000, 60000, 0, 1, 0, 1, 0, 0, '2018-09-15 01:29:25', 'Admin1', '2018-09-15 08:29:30', 'Admin1'),
(189, NULL, 2, 1, 'SELANG REM MERK TW', 'ajm19918_1', 15000, 22000, 22000, 1, 22000, 1, 0, 0, '2018-09-19 07:35:33', 'Admin1', '2018-09-19 14:36:25', 'Admin1'),
(190, NULL, 2, 1, 'BOLP DEPAN BEBEK MERK S TANLEE', 'AJM19918_2', 2100, 5000, 5000, 1, 5000, 1, 0, 0, '2018-09-19 07:37:55', 'Admin1', '2018-09-19 14:38:55', 'Admin1'),
(191, NULL, 2, 1, 'TUTUP KNALPOT BEAT F1 AHM', 'AJM19918_3', 24750, 36000, 36000, 1, 36000, 1, 0, 0, '2018-09-19 07:40:22', 'Admin1', '2018-09-19 14:40:33', 'Admin1'),
(192, NULL, 2, 1, 'CDI BEAT MERK ADL', 'AJM19918_4', 110000, 160000, 160000, 1, 160000, 1, 0, 0, '2018-09-19 07:41:57', 'Admin1', '2018-09-19 14:42:16', 'Admin1'),
(193, NULL, 2, 1, 'MIKA SPEDO VEGA R NEW GENUIN', 'AJM19918_5', 15250, 23000, 23000, 1, 23000, 1, 0, 0, '2018-09-19 07:44:01', 'Admin1', '2018-09-19 14:44:14', 'Admin1'),
(194, NULL, 2, 1, 'MIKA SPEDO MIO SOUL GENUIN', 'AJM19918_6', 16250, 24000, 24000, 1, 24000, 1, 0, 0, '2018-09-19 07:46:15', 'Admin1', '2018-09-19 14:46:31', 'Admin1'),
(195, NULL, 2, 1, 'MIKA SPEDO MIO GT', 'AJM19918_7', 15250, 23000, 23000, 1, 23000, 1, 0, 0, '2018-09-19 07:48:05', 'Admin1', '2018-09-19 14:48:20', 'Admin1'),
(196, NULL, 2, 1, ' ROLLER MIO CHOHO', 'AJM19918_8', 37750, 55000, 55000, 1, 55000, 1, 0, 0, '2018-09-19 07:49:44', 'Admin1', '2018-09-19 14:57:24', 'Admin1'),
(197, NULL, 2, 1, 'BAN DLM 8090 R 17 FDR', 'AJM19918_9', 25500, 37000, 37000, 1, 37000, 1, 0, 0, '2018-09-19 07:51:52', 'Admin1', '2018-09-19 14:52:07', 'Admin1'),
(198, NULL, 2, 1, 'KLAKSON BEBEK AHM', 'AJM19918_10', 28000, 42000, 42000, 1, 42000, 1, 0, 0, '2018-09-19 07:53:26', 'Admin1', '2018-09-19 14:53:41', 'Admin1'),
(199, NULL, 2, 1, 'BOLP CUMI RITING STANLEE', 'AJM19918_11', 675, 1500, 1500, 1, 1500, 1, 0, 0, '2018-09-19 07:55:05', 'Admin1', '2018-09-19 14:55:18', 'Admin1');

INSERT INTO `transaction_purchase` (`PurchaseID`, `PurchaseNumber`, `SupplierID`, `TransactionDate`, `PaymentTypeID`, `Remarks`, `CreatedDate`, `CreatedBy`, `ModifiedDate`, `ModifiedBy`) VALUES
(2, 'MBL.SI18E-0874 SUG', 4, '2018-06-11 00:00:00', 1, NULL, '2018-06-10 20:54:23', 'Admin1', '2018-06-11 09:21:29', 'Admin1'),
(4, 'MBL.SI18E-0335 SUG', 4, '2018-06-11 00:00:00', 1, NULL, '2018-06-10 23:06:46', 'Admin1', '2018-06-11 09:20:57', 'Admin1'),
(5, '00456', 3, '2018-03-24 00:00:00', 1, NULL, '2018-06-11 02:10:53', 'Admin1', '2018-07-12 06:13:34', 'Admin1'),
(7, '005075', 3, '2018-06-04 00:00:00', 1, NULL, '2018-06-12 02:12:59', 'Admin1', '2018-07-12 06:13:57', 'Admin1'),
(10, '004772', 3, '2018-05-02 00:00:00', 1, NULL, '2018-07-03 00:51:41', 'Admin1', '2018-07-03 07:52:43', 'Admin1'),
(11, '005271', 3, '2018-07-03 00:00:00', 1, NULL, '2018-07-03 02:39:27', 'Admin1', '2018-07-04 07:07:08', 'Admin1'),
(12, '25618', 7, '2018-06-25 00:00:00', 1, NULL, '2018-07-04 00:08:33', 'Admin1', '2018-07-04 07:11:17', 'Admin1'),
(14, '4003584874', 9, '2018-06-13 00:00:00', 1, NULL, '2018-07-06 21:00:03', 'Admin1', '2018-07-07 04:01:27', 'Admin1'),
(18, '12180600746', 8, '2018-07-07 00:00:00', 1, NULL, '2018-07-07 02:06:49', 'Admin1', '2018-07-07 09:07:33', 'Admin1'),
(19, '11180601343', 8, '2018-07-07 00:00:00', 1, NULL, '2018-07-07 02:08:18', 'Admin1', NULL, NULL),
(20, '13180600617', 8, '2018-07-07 00:00:00', 1, NULL, '2018-07-07 02:09:48', 'Admin1', NULL, NULL),
(21, '4003632480', 9, '2018-07-07 00:00:00', 1, NULL, '2018-07-07 02:14:23', 'Admin1', NULL, NULL),
(22, '4003632500', 9, '2018-07-07 00:00:00', 1, NULL, '2018-07-07 02:18:00', 'Admin1', '2018-07-07 09:18:42', 'Admin1'),
(24, '0144074', 5, '2018-07-07 00:00:00', 1, NULL, '2018-07-07 02:27:22', 'Admin1', NULL, NULL),
(25, '0144075', 5, '2018-07-07 00:00:00', 1, NULL, '2018-07-07 02:28:08', 'Admin1', '2018-07-07 09:28:18', 'Admin1'),
(26, '001408', 2, '2018-07-09 00:00:00', 1, NULL, '2018-07-09 02:32:06', 'Admin1', '2018-07-09 09:32:18', 'Admin1'),
(27, '001409', 2, '2018-07-09 00:00:00', 1, NULL, '2018-07-09 02:36:30', 'Admin1', '2018-07-09 09:36:40', 'Admin1'),
(28, '01358318', 6, '2018-06-11 00:00:00', 1, NULL, '2018-07-11 00:46:37', 'Admin1', '2018-07-12 06:13:03', 'Admin1'),
(29, '1812481', 10, '2018-07-20 00:00:00', 1, NULL, '2018-07-20 23:03:51', 'Admin1', '2018-07-21 06:06:47', 'Admin1'),
(30, '005520', 3, '2018-07-27 00:00:00', 1, NULL, '2018-07-27 20:34:33', 'Admin1', NULL, NULL),
(31, 'MBL.SI18G-0680', 4, '2018-07-27 00:00:00', 1, NULL, '2018-07-27 20:37:27', 'Admin1', '2018-07-28 03:38:15', 'Admin1'),
(32, 'B18072400003', 11, '2018-07-27 00:00:00', 1, NULL, '2018-07-27 20:45:11', 'Admin1', '2018-07-28 03:46:29', 'Admin1'),
(33, 'SJ-1814729', 10, '2018-07-27 00:00:00', 1, NULL, '2018-07-27 20:56:50', 'Admin1', NULL, NULL),
(34, 'SJ-1814730', 10, '2018-07-27 00:00:00', 1, NULL, '2018-07-27 20:59:24', 'Admin1', NULL, NULL),
(35, '18072500008', 11, '2018-07-28 00:00:00', 1, NULL, '2018-07-27 23:49:44', 'Admin1', '2018-07-28 09:14:01', 'Admin1'),
(36, 'FJ1807-005327-F', 5, '2018-08-03 00:00:00', 1, NULL, '2018-08-03 23:31:38', 'Admin1', '2018-08-04 07:47:21', 'Admin1'),
(37, 'VK-1806544', 12, '2018-08-10 00:00:00', 1, NULL, '2018-08-10 20:21:05', 'Admin1', '2018-08-11 03:23:07', 'Admin1'),
(38, '18818', 7, '2018-08-31 00:00:00', 1, NULL, '2018-08-31 20:11:10', 'Admin1', '2018-09-01 03:14:08', 'Admin1'),
(39, 'PJL0022802', 35, '2018-08-31 00:00:00', 1, NULL, '2018-08-31 20:28:22', 'Admin1', '2018-09-01 03:29:22', 'Admin1'),
(40, '005656', 3, '2018-08-31 00:00:00', 1, NULL, '2018-08-31 20:49:03', 'Admin1', NULL, NULL),
(41, '005778', 3, '2018-08-31 00:00:00', 1, NULL, '2018-08-31 20:50:22', 'Admin1', '2018-09-01 04:01:20', 'Admin1'),
(42, 'PJL0023042', 35, '2018-08-31 00:00:00', 1, NULL, '2018-08-31 21:05:31', 'Admin1', '2018-09-01 04:06:28', 'Admin1'),
(43, '01889218', 6, '2018-08-31 00:00:00', 1, NULL, '2018-08-31 21:22:46', 'Admin1', '2018-09-01 04:24:28', 'Admin1'),
(44, '02008818', 6, '2018-08-31 00:00:00', 1, NULL, '2018-08-31 21:39:57', 'Admin1', NULL, NULL),
(45, '02008918', 6, '2018-08-31 00:00:00', 1, NULL, '2018-08-31 21:43:50', 'Admin1', '2018-09-01 04:45:07', 'Admin1'),
(46, '01947518', 6, '2018-08-31 00:00:00', 1, NULL, '2018-08-31 21:49:26', 'Admin1', NULL, NULL),
(47, '01947618', 6, '2018-08-31 00:00:00', 1, NULL, '2018-08-31 21:50:53', 'Admin1', NULL, NULL),
(48, 'VK1807237', 12, '2018-08-31 00:00:00', 1, NULL, '2018-08-31 22:03:38', 'Admin1', '2018-09-01 05:04:49', 'Admin1'),
(49, '4003753394', 9, '2018-08-31 00:00:00', 1, NULL, '2018-08-31 22:09:40', 'Admin1', NULL, NULL),
(50, '4003758543', 9, '2018-08-31 00:00:00', 1, NULL, '2018-08-31 22:11:55', 'Admin1', NULL, NULL),
(51, '4003736586', 9, '2018-08-31 00:00:00', 1, NULL, '2018-08-31 22:16:54', 'Admin1', '2018-09-01 05:18:36', 'Admin1'),
(52, 'VR18080593', 23, '2018-08-31 00:00:00', 1, NULL, '2018-08-31 22:28:18', 'Admin1', '2018-09-01 05:29:50', 'Admin1'),
(53, 'FJ1807-004602-F', 5, '2018-08-31 00:00:00', 1, NULL, '2018-08-31 22:57:36', 'Admin1', '2018-09-01 05:58:26', 'Admin1'),
(54, 'MBL.SI18H-0827SUG', 4, '2018-08-31 00:00:00', 1, NULL, '2018-08-31 23:02:21', 'Admin1', '2018-09-01 06:03:26', 'Admin1'),
(55, 'VK-1807483', 12, '2018-09-04 00:00:00', 1, NULL, '2018-09-14 20:24:50', 'Admin1', '2018-09-15 03:26:14', 'Admin1'),
(56, 'MBL.SI18H-0848SUG', 4, '2018-08-31 00:00:00', 1, NULL, '2018-09-14 20:29:31', 'Admin1', NULL, NULL),
(57, '000358', 34, '2018-09-01 00:00:00', 1, NULL, '2018-09-14 23:48:57', 'Admin1', '2018-09-15 06:49:35', 'Admin1'),
(58, '1480', 7, '2018-09-04 00:00:00', 1, NULL, '2018-09-15 00:02:57', 'Admin1', NULL, NULL),
(59, 'VR18090170', 23, '2018-09-10 00:00:00', 1, NULL, '2018-09-15 00:05:51', 'Admin1', '2018-09-15 07:06:43', 'Admin1'),
(60, '1918', 7, '2018-09-01 00:00:00', 1, NULL, '2018-09-15 00:09:11', 'Admin1', NULL, NULL),
(61, '000299', 34, '2018-08-23 00:00:00', 1, NULL, '2018-09-15 00:13:10', 'Admin1', '2018-09-15 07:13:46', 'Admin1'),
(62, '15818', 35, '2018-08-15 00:00:00', 1, NULL, '2018-09-15 01:22:29', 'Admin1', '2018-09-15 08:23:13', 'Admin1'),
(63, '0221', 35, '2018-08-16 00:00:00', 1, NULL, '2018-09-15 01:26:26', 'Admin1', '2018-09-15 08:26:53', 'Admin1'),
(64, 'ajm19918', 7, '2018-09-19 00:00:00', 1, NULL, '2018-09-19 07:36:25', 'Admin1', '2018-09-19 14:38:31', 'Admin1');


INSERT INTO `transaction_purchasedetails` (`PurchaseDetailsID`, `PurchaseID`, `ItemID`, `ItemDetailsID`, `BranchID`, `Quantity`, `BuyPrice`, `RetailPrice`, `Price1`, `Price2`, `CreatedDate`, `CreatedBy`, `ModifiedDate`, `ModifiedBy`) VALUES
(25, 2, 25, NULL, 1, 2, 98000, 142000, 0, 0, '2018-06-10 20:54:23', 'Admin1', '2018-06-11 03:54:45', 'Admin1'),
(26, 2, 26, NULL, 1, 2, 98000, 142000, 0, 0, '2018-06-10 20:55:53', 'Admin1', NULL, NULL),
(27, 2, 27, NULL, 1, 5, 22500, 32000, 0, 0, '2018-06-10 20:56:53', 'Admin1', NULL, NULL),
(28, 2, 28, NULL, 1, 2, 98000, 142000, 0, 0, '2018-06-10 20:58:00', 'Admin1', NULL, NULL),
(32, 4, 32, NULL, 1, 3, 98000, 142000, 0, 0, '2018-06-10 23:06:46', 'Admin1', NULL, NULL),
(33, 4, 33, NULL, 1, 3, 98000, 142000, 0, 0, '2018-06-10 23:07:28', 'Admin1', NULL, NULL),
(34, 4, 34, NULL, 1, 3, 68500, 100000, 0, 0, '2018-06-10 23:08:12', 'Admin1', NULL, NULL),
(35, 4, 35, NULL, 1, 3, 29500, 43000, 0, 0, '2018-06-10 23:09:00', 'Admin1', NULL, NULL),
(36, 4, 36, NULL, 1, 2, 300000, 435000, 0, 0, '2018-06-10 23:09:49', 'Admin1', NULL, NULL),
(37, 5, 37, NULL, 1, 12, 29200, 34000, 0, 0, '2018-06-11 02:10:53', 'Admin1', NULL, NULL),
(38, 5, 38, NULL, 1, 12, 34875, 44000, 0, 0, '2018-06-11 02:11:32', 'Admin1', NULL, NULL),
(39, 5, 39, NULL, 1, 12, 30000, 35000, 0, 0, '2018-06-11 02:12:15', 'Admin1', NULL, NULL),
(43, 7, 40, NULL, 1, 6, 37200, 44000, 0, 0, '2018-06-12 02:12:59', 'Admin1', NULL, NULL),
(54, 10, 47, NULL, 1, 12, 38600, 46000, 0, 0, '2018-07-03 00:51:41', 'Admin1', NULL, NULL),
(55, 10, 48, NULL, 1, 12, 30500, 36000, 0, 0, '2018-07-03 00:52:43', 'Admin1', NULL, NULL),
(56, 11, 50, NULL, 1, 6, 46500, 54000, 0, 0, '2018-07-03 02:39:27', 'Admin1', NULL, NULL),
(57, 11, 51, NULL, 1, 12, 33800, 38000, 0, 0, '2018-07-03 02:40:05', 'Admin1', NULL, NULL),
(58, 12, 49, NULL, 1, 5, 16000, 22500, 0, 0, '2018-07-04 00:08:33', 'Admin1', NULL, NULL),
(59, 12, 52, NULL, 1, 3, 14150, 20000, 0, 0, '2018-07-04 00:11:17', 'Admin1', NULL, NULL),
(60, 12, 53, NULL, 1, 5, 15750, 22000, 0, 0, '2018-07-04 00:12:11', 'Admin1', NULL, NULL),
(61, 12, 54, NULL, 1, 2, 34970, 50000, 0, 0, '2018-07-04 00:12:57', 'Admin1', NULL, NULL),
(62, 12, 55, NULL, 1, 2, 58250, 82000, 0, 0, '2018-07-04 00:13:57', 'Admin1', NULL, NULL),
(63, 12, 56, NULL, 1, 5, 36650, 52000, 0, 0, '2018-07-04 00:15:02', 'Admin1', NULL, NULL),
(64, 12, 57, NULL, 1, 2, 15650, 22000, 0, 0, '2018-07-04 00:16:06', 'Admin1', NULL, NULL),
(65, 12, 58, NULL, 1, 1, 89000, 125000, 0, 0, '2018-07-04 00:16:54', 'Admin1', NULL, NULL),
(69, 14, 62, NULL, 1, 2, 48600, 70000, 0, 0, '2018-07-06 21:00:03', 'Admin1', NULL, NULL),
(70, 14, 63, NULL, 1, 2, 49410, 70000, 0, 0, '2018-07-06 21:01:28', 'Admin1', NULL, NULL),
(71, 14, 64, NULL, 1, 20, 9720, 15000, 0, 0, '2018-07-06 21:02:38', 'Admin1', NULL, NULL),
(79, 18, 59, NULL, 1, 2, 162750, 187000, 0, 0, '2018-07-07 02:06:49', 'Admin1', NULL, NULL),
(80, 18, 60, NULL, 1, 3, 131625, 148000, 0, 0, '2018-07-07 02:06:59', 'Admin1', NULL, NULL),
(81, 18, 61, NULL, 1, 2, 141750, 163000, 0, 0, '2018-07-07 02:07:08', 'Admin1', NULL, NULL),
(82, 19, 65, NULL, 1, 5, 37200, 55000, 0, 0, '2018-07-07 02:08:18', 'Admin1', NULL, NULL),
(83, 20, 66, NULL, 1, 96, 11700, 17000, 0, 0, '2018-07-07 02:09:48', 'Admin1', NULL, NULL),
(84, 21, 67, NULL, 1, 5, 26827, 39000, 0, 0, '2018-07-07 02:14:23', 'Admin1', NULL, NULL),
(85, 22, 68, NULL, 1, 10, 22680, 33000, 0, 0, '2018-07-07 02:18:00', 'Admin1', NULL, NULL),
(86, 22, 69, NULL, 1, 5, 19375, 28000, 0, 0, '2018-07-07 02:18:42', 'Admin1', NULL, NULL),
(88, 24, 29, NULL, 1, 3, 134680, 150000, 0, 0, '2018-07-07 02:27:22', 'Admin1', NULL, NULL),
(89, 25, 30, NULL, 1, 5, 22320, 27000, 0, 0, '2018-07-07 02:28:08', 'Admin1', NULL, NULL),
(90, 25, 31, NULL, 1, 5, 25200, 30000, 0, 0, '2018-07-07 02:28:18', 'Admin1', NULL, NULL),
(91, 26, 1, NULL, 1, 1, 24000, 36000, 0, 0, '2018-07-09 02:32:06', 'Admin1', NULL, NULL),
(92, 26, 2, NULL, 1, 1, 24000, 36000, 0, 0, '2018-07-09 02:32:18', 'Admin1', NULL, NULL),
(93, 26, 3, NULL, 1, 1, 24000, 36000, 0, 0, '2018-07-09 02:32:27', 'Admin1', NULL, NULL),
(94, 26, 4, NULL, 1, 3, 10000, 16000, 0, 0, '2018-07-09 02:32:36', 'Admin1', NULL, NULL),
(95, 26, 5, NULL, 1, 3, 10000, 16000, 0, 0, '2018-07-09 02:32:49', 'Admin1', NULL, NULL),
(96, 26, 6, NULL, 1, 9, 12000, 20000, 0, 0, '2018-07-09 02:32:58', 'Admin1', NULL, NULL),
(97, 26, 7, NULL, 1, 1, 47500, 70000, 0, 0, '2018-07-09 02:33:14', 'Admin1', NULL, NULL),
(98, 26, 8, NULL, 1, 4, 14500, 22000, 0, 0, '2018-07-09 02:33:24', 'Admin1', NULL, NULL),
(99, 26, 9, NULL, 1, 1, 17000, 26000, 0, 0, '2018-07-09 02:33:55', 'Admin1', NULL, NULL),
(100, 26, 10, NULL, 1, 3, 14500, 22000, 0, 0, '2018-07-09 02:34:06', 'Admin1', NULL, NULL),
(101, 26, 11, NULL, 1, 3, 14000, 22000, 0, 0, '2018-07-09 02:34:17', 'Admin1', NULL, NULL),
(102, 26, 12, NULL, 1, 2, 15000, 23000, 0, 0, '2018-07-09 02:34:29', 'Admin1', NULL, NULL),
(103, 26, 13, NULL, 1, 3, 16500, 25000, 0, 0, '2018-07-09 02:34:46', 'Admin1', NULL, NULL),
(104, 26, 14, NULL, 1, 4, 21000, 32000, 0, 0, '2018-07-09 02:34:55', 'Admin1', NULL, NULL),
(105, 26, 15, NULL, 1, 10, 8000, 14000, 0, 0, '2018-07-09 02:35:04', 'Admin1', NULL, NULL),
(106, 26, 16, NULL, 1, 3, 7000, 12500, 0, 0, '2018-07-09 02:35:20', 'Admin1', NULL, NULL),
(107, 27, 17, NULL, 1, 20, 10000, 15000, 0, 0, '2018-07-09 02:36:30', 'Admin1', NULL, NULL),
(108, 27, 18, NULL, 1, 5, 27000, 40000, 0, 0, '2018-07-09 02:36:40', 'Admin1', NULL, NULL),
(109, 27, 19, NULL, 1, 5, 10000, 16000, 0, 0, '2018-07-09 02:36:48', 'Admin1', NULL, NULL),
(110, 27, 20, NULL, 1, 6, 12500, 20000, 0, 0, '2018-07-09 02:36:57', 'Admin1', NULL, NULL),
(111, 27, 21, NULL, 1, 10, 6000, 10000, 0, 0, '2018-07-09 02:37:06', 'Admin1', NULL, NULL),
(112, 27, 22, NULL, 1, 10, 8500, 15000, 0, 0, '2018-07-09 02:37:19', 'Admin1', NULL, NULL),
(113, 27, 23, NULL, 1, 2, 100000, 150000, 0, 0, '2018-07-09 02:37:27', 'Admin1', NULL, NULL),
(114, 27, 24, NULL, 1, 2, 90000, 135000, 0, 0, '2018-07-09 02:37:34', 'Admin1', NULL, NULL),
(115, 28, 46, NULL, 1, 5, 11025, 22000, 0, 0, '2018-07-11 00:46:37', 'Admin1', NULL, NULL),
(116, 28, 42, NULL, 1, 10, 2100, 6000, 0, 0, '2018-07-11 00:46:49', 'Admin1', NULL, NULL),
(117, 28, 43, NULL, 1, 10, 2100, 6000, 0, 0, '2018-07-11 00:47:06', 'Admin1', NULL, NULL),
(118, 28, 44, NULL, 1, 5, 16275, 25000, 0, 0, '2018-07-11 00:47:26', 'Admin1', NULL, NULL),
(119, 28, 45, NULL, 1, 3, 15225, 25000, 0, 0, '2018-07-11 00:47:38', 'Admin1', NULL, NULL),
(120, 29, 70, NULL, 1, 5, 109440, 125000, 0, 0, '2018-07-20 23:03:51', 'Admin1', NULL, NULL),
(121, 29, 71, NULL, 1, 5, 131040, 150000, 0, 0, '2018-07-20 23:06:47', 'Admin1', NULL, NULL),
(122, 30, 72, NULL, 1, 12, 39600, 46000, 0, 0, '2018-07-27 20:34:33', 'Admin1', NULL, NULL),
(123, 31, 73, NULL, 1, 5, 85000, 125000, 0, 0, '2018-07-27 20:37:27', 'Admin1', NULL, NULL),
(124, 31, 74, NULL, 1, 5, 85000, 125000, 0, 0, '2018-07-27 20:38:15', 'Admin1', NULL, NULL),
(125, 31, 75, NULL, 1, 10, 22500, 34000, 0, 0, '2018-07-27 20:39:53', 'Admin1', NULL, NULL),
(126, 32, 76, NULL, 1, 5, 30600, 45000, 0, 0, '2018-07-27 20:45:11', 'Admin1', NULL, NULL),
(127, 32, 77, NULL, 1, 3, 45280, 66000, 0, 0, '2018-07-27 20:46:29', 'Admin1', '2018-07-28 03:47:03', 'Admin1'),
(128, 33, 78, NULL, 1, 5, 136800, 155000, 0, 0, '2018-07-27 20:56:50', 'Admin1', NULL, NULL),
(129, 34, 79, NULL, 1, 5, 155940, 175000, 0, 0, '2018-07-27 20:59:25', 'Admin1', NULL, NULL),
(130, 35, 80, NULL, 1, 2, 30800, 45000, 0, 0, '2018-07-27 23:49:44', 'Admin1', NULL, NULL),
(131, 35, 81, NULL, 1, 2, 69200, 100000, 0, 0, '2018-07-28 02:14:01', 'Admin1', NULL, NULL),
(132, 36, 82, NULL, 1, 3, 91575, 105000, 0, 0, '2018-08-03 23:31:38', 'Admin1', '2018-08-04 07:47:21', 'Admin1'),
(133, 37, 83, NULL, 1, 3, 106700, 158000, 0, 0, '2018-08-10 20:21:05', 'Admin1', '2018-08-11 03:23:08', 'Admin1'),
(134, 37, 84, NULL, 1, 3, 106700, 158000, 0, 0, '2018-08-10 21:26:38', 'Admin1', NULL, NULL),
(135, 37, 85, NULL, 1, 3, 49470, 73000, 0, 0, '2018-08-10 21:27:49', 'Admin1', '2018-08-11 04:29:53', 'Admin1'),
(136, 37, 86, NULL, 1, 2, 60140, 89000, 0, 0, '2018-08-10 21:30:59', 'Admin1', NULL, NULL),
(137, 37, 87, NULL, 1, 5, 15035, 25000, 0, 0, '2018-08-10 21:32:29', 'Admin1', NULL, NULL),
(138, 37, 88, NULL, 1, 5, 26675, 40000, 0, 0, '2018-08-10 21:33:51', 'Admin1', NULL, NULL),
(139, 38, 89, NULL, 1, 5, 43600, 65000, 0, 0, '2018-08-31 20:11:10', 'Admin1', NULL, NULL),
(140, 38, 90, NULL, 1, 5, 43600, 65000, 0, 0, '2018-08-31 20:14:08', 'Admin1', NULL, NULL),
(141, 38, 91, NULL, 1, 5, 34000, 50000, 0, 0, '2018-08-31 20:15:56', 'Admin1', NULL, NULL),
(142, 38, 92, NULL, 1, 5, 28536, 42000, 0, 0, '2018-08-31 20:17:43', 'Admin1', NULL, NULL),
(143, 38, 93, NULL, 1, 5, 29520, 43000, 0, 0, '2018-08-31 20:18:55', 'Admin1', NULL, NULL),
(144, 38, 94, NULL, 1, 4, 31160, 45000, 0, 0, '2018-08-31 20:22:06', 'Admin1', NULL, NULL),
(145, 38, 95, NULL, 1, 5, 55760, 82000, 0, 0, '2018-08-31 20:22:57', 'Admin1', NULL, NULL),
(146, 39, 96, NULL, 1, 1, 46075, 69000, 0, 0, '2018-08-31 20:28:22', 'Admin1', NULL, NULL),
(147, 39, 97, NULL, 1, 1, 50925, 76000, 0, 0, '2018-08-31 20:29:22', 'Admin1', NULL, NULL),
(148, 39, 98, NULL, 1, 1, 50925, 76000, 0, 0, '2018-08-31 20:30:22', 'Admin1', NULL, NULL),
(149, 39, 99, NULL, 1, 1, 24250, 36000, 0, 0, '2018-08-31 20:31:40', 'Admin1', NULL, NULL),
(150, 39, 100, NULL, 1, 1, 24250, 36000, 0, 0, '2018-08-31 20:32:33', 'Admin1', NULL, NULL),
(151, 39, 101, NULL, 1, 1, 24250, 36000, 0, 0, '2018-08-31 20:33:37', 'Admin1', NULL, NULL),
(152, 39, 102, NULL, 1, 2, 22310, 34000, 0, 0, '2018-08-31 20:35:02', 'Admin1', NULL, NULL),
(153, 39, 103, NULL, 1, 2, 22310, 34000, 0, 0, '2018-08-31 20:36:16', 'Admin1', NULL, NULL),
(154, 39, 104, NULL, 1, 2, 22310, 34000, 0, 0, '2018-08-31 20:37:14', 'Admin1', NULL, NULL),
(155, 39, 105, NULL, 1, 2, 22310, 34000, 0, 0, '2018-08-31 20:38:22', 'Admin1', NULL, NULL),
(156, 39, 106, NULL, 1, 2, 19400, 30000, 0, 0, '2018-08-31 20:39:14', 'Admin1', NULL, NULL),
(157, 39, 107, NULL, 1, 2, 19400, 30000, 0, 0, '2018-08-31 20:40:12', 'Admin1', NULL, NULL),
(158, 39, 108, NULL, 1, 2, 12610, 20000, 0, 0, '2018-08-31 20:41:17', 'Admin1', NULL, NULL),
(159, 39, 109, NULL, 1, 2, 12610, 20000, 0, 0, '2018-08-31 20:42:04', 'Admin1', NULL, NULL),
(160, 39, 110, NULL, 1, 2, 16975, 26000, 0, 0, '2018-08-31 20:43:19', 'Admin1', NULL, NULL),
(161, 40, 111, NULL, 1, 12, 42000, 48000, 0, 0, '2018-08-31 20:49:03', 'Admin1', NULL, NULL),
(162, 41, 112, NULL, 1, 12, 30000, 35000, 0, 0, '2018-08-31 20:50:22', 'Admin1', NULL, NULL),
(163, 41, 113, NULL, 1, 6, 46500, 54000, 0, 0, '2018-08-31 21:01:20', 'Admin1', NULL, NULL),
(164, 42, 114, NULL, 1, 1, 52500, 77000, 0, 0, '2018-08-31 21:05:31', 'Admin1', NULL, NULL),
(165, 42, 115, NULL, 1, 1, 52500, 77000, 0, 0, '2018-08-31 21:06:28', 'Admin1', NULL, NULL),
(166, 42, 116, NULL, 1, 3, 47500, 69000, 0, 0, '2018-08-31 21:08:00', 'Admin1', '2018-09-01 04:08:22', 'Admin1'),
(167, 42, 117, NULL, 1, 2, 29000, 43000, 0, 0, '2018-08-31 21:09:19', 'Admin1', NULL, NULL),
(168, 42, 118, NULL, 1, 2, 9000, 15000, 0, 0, '2018-08-31 21:10:17', 'Admin1', NULL, NULL),
(169, 42, 119, NULL, 1, 2, 9000, 15000, 0, 0, '2018-08-31 21:11:15', 'Admin1', NULL, NULL),
(170, 42, 120, NULL, 1, 1, 9000, 15000, 0, 0, '2018-08-31 21:12:11', 'Admin1', NULL, NULL),
(171, 42, 121, NULL, 1, 40, 900, 2000, 0, 0, '2018-08-31 21:12:52', 'Admin1', NULL, NULL),
(172, 42, 122, NULL, 1, 40, 900, 2000, 0, 0, '2018-08-31 21:13:26', 'Admin1', NULL, NULL),
(173, 42, 123, NULL, 1, 40, 900, 2000, 0, 0, '2018-08-31 21:14:01', 'Admin1', NULL, NULL),
(174, 42, 124, NULL, 1, 40, 900, 2000, 0, 0, '2018-08-31 21:14:34', 'Admin1', NULL, NULL),
(175, 43, 125, NULL, 1, 3, 5775, 10000, 0, 0, '2018-08-31 21:22:46', 'Admin1', NULL, NULL),
(176, 43, 126, NULL, 1, 3, 6037, 10000, 0, 0, '2018-08-31 21:24:28', 'Admin1', '2018-09-01 04:24:38', 'Admin1'),
(177, 43, 127, NULL, 1, 3, 6037, 10000, 0, 0, '2018-08-31 21:27:26', 'Admin1', NULL, NULL),
(178, 43, 128, NULL, 1, 3, 12075, 20000, 0, 0, '2018-08-31 21:28:55', 'Admin1', NULL, NULL),
(179, 43, 129, NULL, 1, 3, 34125, 50000, 0, 0, '2018-08-31 21:29:38', 'Admin1', NULL, NULL),
(180, 43, 130, NULL, 1, 3, 32025, 48000, 0, 0, '2018-08-31 21:30:45', 'Admin1', NULL, NULL),
(181, 43, 131, NULL, 1, 100, 252, 1000, 0, 0, '2018-08-31 21:31:38', 'Admin1', NULL, NULL),
(182, 43, 132, NULL, 1, 100, 252, 1000, 0, 0, '2018-08-31 21:32:19', 'Admin1', NULL, NULL),
(183, 43, 133, NULL, 1, 100, 252, 1000, 0, 0, '2018-08-31 21:33:10', 'Admin1', NULL, NULL),
(184, 44, 134, NULL, 1, 75, 945, 2500, 0, 0, '2018-08-31 21:39:57', 'Admin1', NULL, NULL),
(185, 45, 135, NULL, 1, 5, 27000, 40000, 0, 0, '2018-08-31 21:43:51', 'Admin1', NULL, NULL),
(186, 45, 136, NULL, 1, 5, 27000, 40000, 0, 0, '2018-08-31 21:45:07', 'Admin1', NULL, NULL),
(187, 46, 137, NULL, 1, 2, 48626, 73000, 0, 0, '2018-08-31 21:49:26', 'Admin1', NULL, NULL),
(188, 47, 138, NULL, 1, 3, 17325, 26000, 0, 0, '2018-08-31 21:50:53', 'Admin1', NULL, NULL),
(189, 48, 139, NULL, 1, 1, 123675, 175000, 0, 0, '2018-08-31 22:03:38', 'Admin1', NULL, NULL),
(190, 48, 140, NULL, 1, 1, 123675, 175000, 0, 0, '2018-08-31 22:04:49', 'Admin1', NULL, NULL),
(191, 48, 141, NULL, 1, 3, 59170, 82000, 0, 0, '2018-08-31 22:06:07', 'Admin1', NULL, NULL),
(192, 49, 142, NULL, 1, 16, 6480, 9500, 0, 0, '2018-08-31 22:09:40', 'Admin1', NULL, NULL),
(193, 50, 143, NULL, 1, 14, 6480, 9500, 0, 0, '2018-08-31 22:11:55', 'Admin1', NULL, NULL),
(194, 51, 144, NULL, 1, 10, 12260, 17000, 0, 0, '2018-08-31 22:16:54', 'Admin1', NULL, NULL),
(195, 51, 145, NULL, 1, 24, 4860, 7000, 0, 0, '2018-08-31 22:18:36', 'Admin1', '2018-09-01 05:19:03', 'Admin1'),
(196, 52, 146, NULL, 1, 5, 23500, 35000, 0, 0, '2018-08-31 22:28:18', 'Admin1', NULL, NULL),
(197, 52, 147, NULL, 1, 1, 78000, 113000, 0, 0, '2018-08-31 22:29:50', 'Admin1', NULL, NULL),
(198, 52, 148, NULL, 1, 1, 70500, 105000, 0, 0, '2018-08-31 22:33:06', 'Admin1', NULL, NULL),
(199, 52, 149, NULL, 1, 1, 150000, 220000, 0, 0, '2018-08-31 22:37:07', 'Admin1', NULL, NULL),
(200, 52, 150, NULL, 1, 1, 150000, 220000, 0, 0, '2018-08-31 22:38:13', 'Admin1', NULL, NULL),
(201, 52, 151, NULL, 1, 1, 90000, 130000, 0, 0, '2018-08-31 22:40:14', 'Admin1', NULL, NULL),
(202, 53, 153, NULL, 1, 2, 156880, 176000, 0, 0, '2018-08-31 22:57:37', 'Admin1', NULL, NULL),
(203, 53, 154, NULL, 1, 3, 109520, 123000, 0, 0, '2018-08-31 22:58:26', 'Admin1', NULL, NULL),
(204, 54, 155, NULL, 1, 3, 102500, 148000, 0, 0, '2018-08-31 23:02:21', 'Admin1', NULL, NULL),
(205, 54, 156, NULL, 1, 3, 108000, 156000, 0, 0, '2018-08-31 23:03:26', 'Admin1', NULL, NULL),
(206, 54, 157, NULL, 1, 5, 61500, 90000, 0, 0, '2018-08-31 23:04:00', 'Admin1', NULL, NULL),
(207, 55, 158, NULL, 1, 10, 27160, 40000, 0, 0, '2018-09-14 20:24:50', 'Admin1', NULL, NULL),
(208, 55, 159, NULL, 1, 3, 50440, 73000, 0, 0, '2018-09-14 20:26:14', 'Admin1', NULL, NULL),
(209, 56, 160, NULL, 1, 3, 98000, 142000, 0, 0, '2018-09-14 20:29:31', 'Admin1', NULL, NULL),
(210, 57, 161, NULL, 1, 2, 32000, 47000, 0, 0, '2018-09-14 23:48:57', 'Admin1', NULL, NULL),
(211, 57, 162, NULL, 1, 5, 26000, 38000, 0, 0, '2018-09-14 23:49:36', 'Admin1', NULL, NULL),
(212, 57, 163, NULL, 1, 10, 6500, 10000, 0, 0, '2018-09-14 23:50:10', 'Admin1', NULL, NULL),
(213, 57, 164, NULL, 1, 5, 8000, 15000, 0, 0, '2018-09-14 23:50:56', 'Admin1', NULL, NULL),
(214, 57, 165, NULL, 1, 2, 7000, 14000, 0, 0, '2018-09-14 23:51:55', 'Admin1', NULL, NULL),
(215, 57, 166, NULL, 1, 5, 35000, 52000, 0, 0, '2018-09-14 23:52:36', 'Admin1', NULL, NULL),
(216, 57, 167, NULL, 1, 2, 55000, 82000, 0, 0, '2018-09-14 23:53:08', 'Admin1', NULL, NULL),
(217, 57, 168, NULL, 1, 5, 55000, 82000, 0, 0, '2018-09-14 23:53:45', 'Admin1', NULL, NULL),
(218, 57, 169, NULL, 1, 2, 18000, 27000, 0, 0, '2018-09-14 23:54:24', 'Admin1', NULL, NULL),
(219, 57, 170, NULL, 1, 6, 20000, 30000, 0, 0, '2018-09-14 23:57:06', 'Admin1', NULL, NULL),
(220, 57, 171, NULL, 1, 2, 130000, 190000, 0, 0, '2018-09-14 23:58:47', 'Admin1', NULL, NULL),
(221, 58, 172, NULL, 1, 2, 90000, 130000, 0, 0, '2018-09-15 00:02:57', 'Admin1', NULL, NULL),
(222, 59, 173, NULL, 1, 2, 150000, 220000, 0, 0, '2018-09-15 00:05:51', 'Admin1', NULL, NULL),
(223, 59, 174, NULL, 1, 2, 150000, 220000, 0, 0, '2018-09-15 00:06:43', 'Admin1', NULL, NULL),
(224, 59, 175, NULL, 1, 5, 14000, 22000, 0, 0, '2018-09-15 00:07:49', 'Admin1', NULL, NULL),
(225, 60, 176, NULL, 1, 2, 38500, 60000, 0, 0, '2018-09-15 00:09:12', 'Admin1', NULL, NULL),
(226, 61, 177, NULL, 1, 5, 57500, 82000, 0, 0, '2018-09-15 00:13:10', 'Admin1', NULL, NULL),
(227, 61, 178, NULL, 1, 8, 21000, 30000, 0, 0, '2018-09-15 00:13:46', 'Admin1', NULL, NULL),
(228, 61, 179, NULL, 1, 2, 42500, 60000, 0, 0, '2018-09-15 00:14:25', 'Admin1', NULL, NULL),
(229, 61, 180, NULL, 1, 2, 115000, 162000, 0, 0, '2018-09-15 00:15:12', 'Admin1', NULL, NULL),
(230, 61, 181, NULL, 1, 6, 28000, 40000, 0, 0, '2018-09-15 00:16:08', 'Admin1', NULL, NULL),
(231, 62, 182, NULL, 1, 10, 4250, 10000, 0, 0, '2018-09-15 01:22:29', 'Admin1', NULL, NULL),
(232, 62, 183, NULL, 1, 8, 6250, 12000, 0, 0, '2018-09-15 01:23:13', 'Admin1', NULL, NULL),
(233, 63, 184, NULL, 1, 1, 126000, 142000, 0, 0, '2018-09-15 01:26:26', 'Admin1', NULL, NULL),
(234, 63, 185, NULL, 1, 1, 166500, 187000, 0, 0, '2018-09-15 01:26:53', 'Admin1', NULL, NULL),
(235, 63, 187, NULL, 1, 3, 41250, 60000, 0, 0, '2018-09-15 01:27:49', 'Admin1', '2018-09-15 08:28:46', 'Admin1'),
(236, 63, 188, NULL, 1, 5, 40000, 60000, 0, 0, '2018-09-15 01:29:30', 'Admin1', NULL, NULL),
(237, 64, 189, NULL, 1, 4, 15000, 22000, 22000, 22000, '2018-09-19 07:36:25', 'Admin1', NULL, NULL),
(238, 64, 190, NULL, 1, 10, 2100, 5000, 5000, 5000, '2018-09-19 07:38:31', 'Admin1', '2018-09-19 14:38:55', 'Admin1'),
(239, 64, 191, NULL, 1, 1, 24750, 36000, 36000, 36000, '2018-09-19 07:40:33', 'Admin1', NULL, NULL),
(240, 64, 192, NULL, 1, 1, 110000, 160000, 160000, 160000, '2018-09-19 07:42:16', 'Admin1', NULL, NULL),
(241, 64, 193, NULL, 1, 2, 15250, 23000, 23000, 23000, '2018-09-19 07:44:14', 'Admin1', '2018-09-19 14:44:48', 'Admin1'),
(242, 64, 194, NULL, 1, 2, 16250, 24000, 24000, 24000, '2018-09-19 07:46:31', 'Admin1', NULL, NULL),
(243, 64, 195, NULL, 1, 2, 15250, 23000, 23000, 23000, '2018-09-19 07:48:20', 'Admin1', NULL, NULL),
(244, 64, 196, NULL, 1, 3, 37750, 55000, 55000, 55000, '2018-09-19 07:49:56', 'Admin1', '2018-09-19 14:58:19', 'Admin1'),
(245, 64, 197, NULL, 1, 5, 25500, 37000, 37000, 37000, '2018-09-19 07:52:07', 'Admin1', NULL, NULL),
(246, 64, 198, NULL, 1, 4, 28000, 42000, 42000, 42000, '2018-09-19 07:53:41', 'Admin1', NULL, NULL),
(247, 64, 199, NULL, 1, 50, 675, 1500, 1500, 1500, '2018-09-19 07:55:18', 'Admin1', NULL, NULL);