PurchaseID;PurchaseNumber;SupplierID;TransactionDate;PaymentTypeID;Deadline;Remarks;CreatedDate;CreatedBy;ModifiedDate;ModifiedBy
65;AJM10617;7;2017-06-10;1;;;2018-08-21;Admin1;;
66;AJM13418;7;2018-04-13;1;;;2018-08-21;Admin1;;
67;AJM13717;7;2017-07-13;1;;;2018-08-21;Admin1;;
68;AJM14717;7;2017-07-14;1;;;2018-08-21;Admin1;;
69;AJM16817;7;2017-08-16;1;;;2018-08-21;Admin1;;
70;AJM19917;7;2017-09-19;1;;;2018-08-21;Admin1;;
71;AJM21117;7;2017-01-21;1;;;2018-08-21;Admin1;;
72;AJM24217;7;2017-02-24;1;;;2018-08-21;Admin1;;
73;AJM26117;7;2017-01-26;1;;;2018-08-21;Admin1;;
74;AJM28217;7;2017-02-28;1;;;2018-08-21;Admin1;;
75;AJM291117;7;2017-11-29;1;;;2018-08-21;Admin1;;
76;AJM5518;7;2018-05-05;1;;;2018-08-21;Admin1;;
77;AJM5717;9;2017-07-05;1;;;2018-08-21;Admin1;;
78;AJM5717;7;2017-07-05;1;;;2018-08-21;Admin1;;
79;AJM8417;7;2017-04-08;1;;;2018-08-21;Admin1;;
80;AJM8518;7;2018-05-08;1;;;2018-08-21;Admin1;;
81;AJM91217;7;2017-12-09;1;;;2018-08-21;Admin1;;
82;AJM9517;7;2017-05-09;1;;;2018-08-21;Admin1;;
83;15/00/03/FPJ17/IBF103;13;2017-09-26;1;;;2018-08-21;Admin1;;
84;GM31717;14;2017-07-17;1;;;2018-08-21;Admin1;;
85;308;2;2018-02-21;1;;;2018-08-21;Admin1;;
86;341;2;2018-03-03;1;;;2018-08-21;Admin1;;
87;IM6118;2;2018-01-06;1;;;2018-08-21;Admin1;;
88;414;2;2018-03-06;1;;;2018-08-21;Admin1;;
89;JT25417;5;2017-04-25;1;;;2018-08-21;Admin1;;
90;JT2617;5;2017-06-02;1;;;2018-08-21;Admin1;;
91;FJ1708-01;5;2017-08-26;1;;;2018-08-21;Admin1;;
92;JT29417;5;2017-04-29;1;;;2018-08-21;Admin1;;
93;FJ1710-004388-F;5;2017-10-30;1;;;2018-08-21;Admin1;;
94;FJ1712-000334-F;5;2017-12-05;1;;;2018-08-21;Admin1;;
95;FJ1802-000602-F;5;2018-02-06;1;;;2018-08-21;Admin1;;
96;JT8717;5;2017-07-08;1;;;2018-08-21;Admin1;;
97;PJ1710-000071;15;2017-10-14;1;;;2018-08-21;Admin1;;
98;MM24717;15;2017-07-24;1;;;2018-08-21;Admin1;;
99;IF0001711-0041;16;2017-11-03;1;;;2018-08-21;Admin1;;
100;SJ0001708-0001;15;2017-08-31;1;;;2018-08-21;Admin1;;
101;MM4816;15;2017-04-08;1;;;2018-08-21;Admin1;;
102;KL1709-000047;15;2017-09-22;1;;;2018-08-21;Admin1;;
103;NPP18217;17;2017-02-18;1;;;2018-08-21;Admin1;;
104;12180200679;8;2018-02-13;1;;;2018-08-21;Admin1;;
105;11171100199;8;2017-11-02;1;;;2018-08-21;Admin1;;
106;MBL.SI18A-0008/SUG;4;2018-01-03;1;;;2018-08-21;Admin1;;
107;MBL.SI17I-0051/SUG;4;2017-09-05;1;;;2018-08-21;Admin1;;
108;OM7317;4;2017-03-07;1;;;2018-08-21;Admin1;;
109;PMS;17;2017-02-18;1;;;2018-08-21;Admin1;;
110;1806408;10;2018-03-28;1;;;2018-08-21;Admin1;;
111;PJL0016154;18;2017-09-11;1;;;2018-08-21;Admin1;;
112;PJL0016325;18;2017-09-18;1;;;2018-08-21;Admin1;;
113;PJL0016388;18;2017-09-20;1;;;2018-08-21;Admin1;;
114;PJL0017802;18;2017-11-28;1;;;2018-08-21;Admin1;;
115;PJL0018503;18;2018-01-03;1;;;2018-08-21;Admin1;;
116;RJM11117;19;2017-01-11;1;;;2018-08-21;Admin1;;
117;0614/JL/UTM/1117;20;2017-11-02;1;;;2018-08-21;Admin1;;
118;1341/JL/UTM/1217;20;2017-12-08;1;;;2018-08-21;Admin1;;
119;SN10417;6;2017-04-10;1;;;2018-08-21;Admin1;;
120;095501/17;6;2017-09-22;1;;;2018-08-21;Admin1;;
121;SN28717;6;2017-07-28;1;;;2018-08-21;Admin1;;
122;SN4317;6;2017-03-04;1;;;2018-08-21;Admin1;;
123;SN6117;6;2017-01-06;1;;;2018-08-21;Admin1;;
124;010252/B;6;2018-05-08;1;;;2018-08-21;Admin1;;
125;010256/B;6;2018-05-08;1;;;2018-08-21;Admin1;;
126;sp13417;12;2017-04-13;1;;;2018-08-21;Admin1;;
127;VK-1711069;12;2017-10-26;1;;;2018-08-21;Admin1;;
128;SP2617;12;2017-06-02;1;;;2018-08-21;Admin1;;
129;SP31517;12;2017-05-31;1;;;2018-08-21;Admin1;;
130;VK-1709381;12;2017-09-04;1;;;2018-08-21;Admin1;;
131;SP7117;25;2017-01-07;1;;;2018-08-21;Admin1;;
132;SP7117;26;2017-01-07;1;;;2018-08-21;Admin1;;
133;SP7117;27;2017-01-07;1;;;2018-08-21;Admin1;;
134;SP7117;28;2017-01-07;1;;;2018-08-21;Admin1;;
135;SP7317;12;2017-03-07;1;;;2018-08-21;Admin1;;
136;VK-1712510;12;2017-12-09;1;;;2018-08-21;Admin1;;
137;SPC10717;12;2017-07-10;1;;;2018-08-21;Admin1;;
138;VK1803939;12;2018-05-04;1;;;2018-08-21;Admin1;;
139;SPC7317;12;2017-03-07;1;;;2018-08-21;Admin1;;
140;SR2118;21;2018-01-02;1;;;2018-08-21;Admin1;;
141;t11517;20;2017-05-11;1;;;2018-08-21;Admin1;;
142;46;2;2018-01-15;1;;;2018-08-21;Admin1;;
143;T19217;20;2017-02-19;1;;;2018-08-21;Admin1;;
144;397;20;2017-08-19;1;;;2018-08-21;Admin1;;
145;T20317;20;2017-03-20;1;;;2018-08-21;Admin1;;
146;T22117;20;2017-01-22;1;;;2018-08-21;Admin1;;
147;3361;22;2017-12-04;1;;;2018-08-21;Admin1;;
148;T4617;20;2017-06-04;1;;;2018-08-21;Admin1;;
149;T6217;20;2017-02-06;1;;;2018-08-21;Admin1;;
150;225;2;2018-02-07;1;;;2018-08-21;Admin1;;
151;T9417;20;2017-04-09;1;;;2018-08-21;Admin1;;
152;T9717;20;2017-07-09;1;;;2018-08-21;Admin1;;
153;2574;22;2017-09-11;1;;;2018-08-21;Admin1;;
154;4037;22;2018-02-12;1;;;2018-08-21;Admin1;;
155;3130;22;2017-11-13;1;;;2018-08-21;Admin1;;
156;3834;22;2018-01-22;1;;;2018-08-21;Admin1;;
157;4139;22;2018-02-23;1;;;2018-08-21;Admin1;;
158;4456;22;2018-03-24;1;;;2018-08-21;Admin1;;
159;TJ2518;22;2018-05-02;1;;;2018-08-21;Admin1;;
160;tj3617;22;2017-06-03;1;;;2018-08-21;Admin1;;
161;TJ4/3/17;22;2017-03-04;1;;;2018-08-21;Admin1;;
162;tj7717;22;2017-07-07;1;;;2018-08-21;Admin1;;
163;TK10117;23;2017-01-10;1;;;2018-08-21;Admin1;;
164;tk27217;23;2017-02-27;1;;;2018-08-21;Admin1;;
165;TP10417;11;2017-04-10;1;;;2018-08-21;Admin1;;
166;TP11717;11;2017-07-11;1;;;2018-08-21;Admin1;;
167;TP12917;11;2017-09-12;1;;;2018-08-21;Admin1;;
168;TP22218;11;2018-02-22;1;;;2018-08-21;Admin1;;
169;TP23117;11;2017-01-23;1;;;2018-08-21;Admin1;;
170;TP28217;11;2017-02-28;1;;;2018-08-21;Admin1;;
171;TP41017;11;2017-10-04;1;;;2018-08-21;Admin1;;
172;TP61117;11;2017-11-06;1;;;2018-08-21;Admin1;;
173;TP8118;11;2018-01-08;1;;;2018-08-21;Admin1;;
174;TP81217;11;2017-12-08;1;;;2018-08-21;Admin1;;
175;UJ 2317;24;2017-03-02;1;;;2018-08-21;Admin1;;
176;AJM26117;7;2017-01-26;1;;;2018-08-21;Admin1;;
177;15/00/03/FPJ17/IBF103;13;2017-09-26;1;;;2018-08-21;Admin1;;
178;15/00/03/FP/17/IBF1004;13;2017-09-26;1;;;2018-08-21;Admin1;;
179;15/00/03/FP/17/IBF1005;13;2017-09-26;1;;;2018-08-21;Admin1;;
180;097775/17;13;2017-10-25;1;;;2018-08-21;Admin1;;
181;SN251017;13;2017-10-25;1;;;2018-08-21;Admin1;;
182;097771/17;6;2017-10-25;1;;;2018-08-21;Admin1;;
183;T4617;6;2017-06-04;1;;;2018-08-21;Admin1;;
184;T6217;6;2017-02-06;1;;;2018-08-21;Admin1;;
185;225;6;2018-02-07;1;;;2018-08-21;Admin1;;
186;T9417;6;2017-04-09;1;;;2018-08-21;Admin1;;
187;T9717;20;2017-07-09;1;;;2018-08-21;Admin1;;
188;VA2016020397;20;2016-02-20;1;;;2018-08-21;Admin1;;
189;va2016040408;20;2016-04-22;1;;;2018-08-21;Admin1;;
190;A533;20;2015-11-12;1;;;2018-08-21;Admin1;;
191;VA2016010397;20;2016-01-23;1;;;2018-08-21;Admin1;;
192;034348/15;20;2015-04-30;1;;;2018-08-21;Admin1;;
193;AJM 16616;20;2016-06-16;1;;;2018-08-21;Admin1;;
194;ajm14516;20;2016-05-14;1;;;2018-08-21;Admin1;;
195;AJM161216;20;2016-12-16;1;;;2018-08-21;Admin1;;
196;AJM21116;20;2016-11-21;1;;;2018-08-21;Admin1;;
197;AJM231216;20;2016-11-23;1;;;2018-08-21;Admin1;;
198;FB2881;20;2016-05-24;1;;;2018-08-21;Admin1;;
199;AJM24816;20;2016-08-24;1;;;2018-08-21;Admin1;;
200;AJM29616;20;2016-06-29;1;;;2018-08-21;Admin1;;
201;AJM6816;20;2016-06-08;1;;;2018-08-21;Admin1;;
202;i/sl-002208;20;2015-04-02;1;;;2018-08-21;Admin1;;
203;i/sl-0035317;20;2015-07-04;1;;;2018-08-21;Admin1;;
204;i/sl-0035316;20;2015-07-04;1;;;2018-08-21;Admin1;;
205;I/SL-003515;20;2015-07-04;1;;;2018-08-21;Admin1;;
206;2882;20;2016-04-30;1;;;2018-08-21;Admin1;;
207;BA191116;20;2016-11-19;1;;;2018-08-21;Admin1;;
208;FA3-15-1221/002;20;2015-12-21;1;;;2018-08-21;Admin1;;
209;FA3-IP-06525/002;2;2016-06-25;1;;;2018-08-21;Admin1;;
210;baut5516;2;2016-05-05;1;;;2018-08-21;Admin1;;
211;FA3-IP-0823;2;2016-08-23;1;;;2018-08-21;Admin1;;
212;L40209;2;2015-07-30;1;;;2018-08-21;Admin1;;
213;L44978;2;2016-01-29;1;;;2018-08-21;Admin1;;
214;010116000844FP;2;2016-01-13;1;;;2018-08-21;Admin1;;
215;010115025434FP;2;2015-09-15;1;;;2018-08-21;Admin1;;
216;MA201216;2;2016-12-20;1;;;2018-08-21;Admin1;;
217;010116039230FP;2;2016-11-26;1;;;2018-08-21;Admin1;;
218;MJ251116;2;2016-11-25;1;;;2018-08-21;Admin1;;
219;MM 4816;2;2016-04-08;1;;;2018-08-21;Admin1;;
220;BJ0001610-0059;2;2016-10-12;1;;;2018-08-21;Admin1;;
221;MM1916;2;2016-09-01;1;;;2018-08-21;Admin1;;
222;BJ1611-0102;2;2016-11-22;1;;;2018-08-21;Admin1;;
223;BJ1611-0196;20;2016-11-22;1;;;2018-08-21;Admin1;;
224;BJ1611-245;20;2016-11-22;1;;;2018-08-21;Admin1;;
225;MM23816;20;2016-08-23;1;;;2018-08-21;Admin1;;
226;MM4816;20;2016-04-08;1;;;2018-08-21;Admin1;;
227;OM 29816;20;2016-08-29;1;;;2018-08-21;Admin1;;
228;OM4816;20;2016-04-08;1;;;2018-08-21;Admin1;;
229;PJL00004787;20;2016-03-04;1;;;2018-08-21;Admin1;;
230;RJL 0003255;20;2015-11-10;1;;;2018-08-21;Admin1;;
231;PJL0004025;20;2016-01-11;1;;;2018-08-21;Admin1;;
232;PJL0004323;20;2016-02-01;1;;;2018-08-21;Admin1;;
233;PJL00002861;20;2015-10-13;1;;;2018-08-21;Admin1;;
234;PJL0003678;20;2015-12-14;1;;;2018-08-21;Admin1;;
235;PJL0004914;20;2016-03-14;1;;;2018-08-21;Admin1;;
236;PJL0009356;20;2016-11-18;1;;;2018-08-21;Admin1;;
237;RJ18816;20;2016-08-18;1;;;2018-08-21;Admin1;;
238;PJL0006519;20;2016-06-21;1;;;2018-08-21;Admin1;;
239;PJL0000739;20;2015-02-02;1;;;2018-08-21;Admin1;;
240;PJL0004594;20;2016-02-22;1;;;2018-08-21;Admin1;;
241;PJL0003429;20;2015-11-23;1;;;2018-08-21;Admin1;;
242;PJL0004219;20;2016-01-23;1;;;2018-08-21;Admin1;;
243;PJL0004215;20;2016-01-23;1;;;2018-08-21;Admin1;;
244;PJL0006718;20;2016-06-29;1;;;2018-08-21;Admin1;;
245;PJL0003106;20;2015-10-30;1;;;2018-08-21;Admin1;;
246;PJL0000752;20;2015-03-02;1;;;2018-08-21;Admin1;;
247;RJM 93931;20;2016-01-05;1;;;2018-08-21;Admin1;;
248;PJL9746;20;2016-12-05;1;;;2018-08-21;Admin1;;
249;PJL0003579;20;2015-12-07;1;;;2018-08-21;Admin1;;
250;PJL9797;20;2016-12-07;1;;;2018-08-21;Admin1;;
251;PJL0004410;20;2016-02-09;1;;;2018-08-21;Admin1;;
252;5735;20;2016-05-09;1;;;2018-08-21;Admin1;;
253;PJL8863;20;2016-10-26;1;;;2018-08-21;Admin1;;
254;PJL8942;20;2016-10-31;1;;;2018-08-21;Admin1;;
255;PJL0008468;20;2016-10-08;1;;;2018-08-21;Admin1;;
256;034349/15;20;2015-04-30;1;;;2018-08-21;Admin1;;
257;034351/15;20;2015-04-30;1;;;2018-08-21;Admin1;;
258;SN_11616;20;2016-06-11;1;;;2018-08-21;Admin1;;
259;016923/14;20;2015-09-15;1;;;2018-08-21;Admin1;;
260;051208/16;20;2016-01-16;1;;;2018-08-21;Admin1;;
261;027530/15;1;2015-01-19;1;;;2018-08-21;Admin1;;
262;027525/15;1;2015-01-19;1;;;2018-08-21;Admin1;;
263;048704/15;1;2015-11-30;1;;;2018-08-21;Admin1;;
264;064501/16;12;2016-06-30;1;;;2018-08-21;Admin1;;
265;044936/15;12;2015-10-03;1;;;2018-08-21;Admin1;;
266;039077/15;12;2015-07-04;1;;;2018-08-21;Admin1;;
267;039078/15;12;2015-07-04;1;;;2018-08-21;Admin1;;
268;050999/16;12;2016-01-08;1;;;2018-08-21;Admin1;;
269;057736/16;12;2016-04-08;1;;;2018-08-21;Admin1;;
270;VK1507795;12;2015-07-08;1;;;2018-08-21;Admin1;;
271;VK-1601809;1;2016-02-10;1;;;2018-08-21;Admin1;;
272;SP1600674;6;2016-02-10;1;;;2018-08-21;Admin1;;
273;vk-1508166;7;2015-08-03;1;;;2018-08-21;Admin1;;
274;SP111016;7;2016-11-10;1;;;2018-08-21;Admin1;;
275;vk1605506;7;2016-05-11;1;;;2018-08-21;Admin1;;
276;VK 1501764;7;2015-12-02;1;;;2018-08-21;Admin1;;
277;VK1613254;7;2016-11-14;1;;;2018-08-21;Admin1;;
278;VK1602047;7;2016-02-15;1;;;2018-08-21;Admin1;;
279;VA000119;7;2016-02-16;1;;;2018-08-21;Admin1;;
280;VK1604634;7;2016-04-16;1;;;2018-08-21;Admin1;;
281;vk16057337;7;2016-05-16;1;;;2018-08-21;Admin1;;
282;SP18816;7;2016-08-18;1;;;2018-08-21;Admin1;;
283;VK1613454;7;2016-11-19;1;;;2018-08-21;Admin1;;
284;VK1613537;7;2016-11-19;1;;;2018-08-21;Admin1;;
285;vk1505982;7;2015-06-01;1;;;2018-08-21;Admin1;;
286;VK1604736;7;2016-04-20;1;;;2018-08-21;Admin1;;
287;VK-1602389;7;2016-02-22;1;;;2018-08-21;Admin1;;
288;VK1513967;7;2015-11-25;1;;;2018-08-21;Admin1;;
289;vk1604931;7;2016-04-25;1;;;2018-08-21;Admin1;;
290;SP25816;7;2016-08-25;1;;;2018-08-21;Admin1;;
291;VK1601169;7;2016-01-26;1;;;2018-08-21;Admin1;;
292;VK1505812;7;2015-05-27;1;;;2018-08-21;Admin1;;
293;VR1601277;7;2016-06-28;1;;;2018-08-21;Admin1;;
294;VK1611324;7;2016-09-27;1;;;2018-08-21;Admin1;;
295;VK 1505831;7;2015-05-28;1;;;2018-08-21;Admin1;;
296;VJ1607844;7;2016-06-28;1;;;2018-08-21;Admin1;;
297;VK-1502475;7;2015-03-12;1;;;2018-08-21;Admin1;;
298;SP31516;7;2016-05-31;1;;;2018-08-21;Admin1;;
299;VK1602880;7;2016-03-03;1;;;2018-08-21;Admin1;;
300;VK-1502320;7;2015-03-09;1;;;2018-08-21;Admin1;;
301;VK1604070;7;2016-04-04;1;;;2018-08-21;Admin1;;
302;vk1605324;7;2016-05-04;1;;;2018-08-21;Admin1;;
303;VK-1609019;7;2016-04-08;1;;;2018-08-21;Admin1;;
304;vk1511450;7;2015-10-05;1;;;2018-08-21;Admin1;;
305;VK1604220;7;2016-04-06;1;;;2018-08-21;Admin1;;
306;VK1612984;7;2016-11-07;1;;;2018-08-21;Admin1;;
307;VB1600476;7;2016-03-07;1;;;2018-08-21;Admin1;;
308;SP1601147;7;2016-03-07;1;;;2018-08-21;Admin1;;
309;VK1603036;7;2016-03-07;1;;;2018-08-21;Admin1;;
310;VK1604245;7;2016-04-07;1;;;2018-08-21;Admin1;;
311;SP-1501297;7;2015-09-04;1;;;2018-08-21;Admin1;;
312;F0633;7;2015-07-27;1;;;2018-08-21;Admin1;;
313;F1043;7;2015-08-05;1;;;2018-08-21;Admin1;;
314;HH100;7;2016-04-10;1;;;2018-08-21;Admin1;;
315;H1564;7;2016-04-10;1;;;2018-08-21;Admin1;;
316;1394;7;2015-10-09;1;;;2018-08-21;Admin1;;
317;F 1343;7;2015-10-11;1;;;2018-08-21;Admin1;;
318;C0456;7;2015-11-01;1;;;2018-08-21;Admin1;;
319;T11215;7;2015-11-02;1;;;2018-08-21;Admin1;;
320;C0666;7;2015-01-02;1;;;2018-08-21;Admin1;;
321;K000336;7;2016-11-13;1;;;2018-08-21;Admin1;;
322;T131216;7;2016-12-13;1;;;2018-08-21;Admin1;;
323;T14216;7;2016-02-14;1;;;2018-08-21;Admin1;;
324;T14816;7;2016-08-14;1;;;2018-08-21;Admin1;;
325;T14816;7;2016-09-30;1;;;2018-08-21;Admin1;;
326;2998;7;2016-05-15;1;;;2018-08-21;Admin1;;
327;B944;7;2015-07-14;1;;;2018-08-21;Admin1;;
328;F1820;7;2015-12-16;1;;;2018-08-21;Admin1;;
329;C0374;7;2015-02-16;1;;;2018-08-21;Admin1;;
330;C3496;7;2016-04-17;1;;;2018-08-21;Admin1;;
331;000420;7;2016-12-18;1;;;2018-08-21;Admin1;;
332;F1916;7;2016-01-19;1;;;2018-08-21;Admin1;;
333;F0081;7;2015-03-19;1;;;2018-08-21;Admin1;;
334;F 1152;7;2015-09-09;1;;;2018-08-21;Admin1;;
335;F1833;7;2015-12-20;1;;;2018-08-21;Admin1;;
336;F 1132;7;2015-09-20;1;;;2018-08-21;Admin1;;
337;T21115;7;2015-02-11;1;;;2018-08-21;Admin1;;
338;F 1673;7;2015-11-22;1;;;2018-08-21;Admin1;;
339;T221116;7;2016-11-22;1;;;2018-08-21;Admin1;;
340;C0179;7;2015-02-03;1;;;2018-08-21;Admin1;;
341;300;7;2016-04-24;1;;;2018-08-21;Admin1;;
342;G 220;7;2015-10-25;1;;;2018-08-21;Admin1;;
343;H283;7;2016-03-25;1;;;2018-08-21;Admin1;;
344;HH61;7;2016-03-25;1;;;2018-08-21;Admin1;;
345;HH60;7;2016-03-25;1;;;2018-08-21;Admin1;;
346;F 1150;7;2015-09-25;1;;;2018-08-21;Admin1;;
347;J 1462;7;2016-10-26;1;;;2018-08-21;Admin1;;
348;H003874;7;2016-06-28;1;;;2018-08-21;Admin1;;
349;T28816;7;2016-08-28;1;;;2018-08-21;Admin1;;
350;HH713;7;2016-10-29;1;;;2018-08-21;Admin1;;
351;J 1186;7;2016-10-29;1;;;2018-08-21;Admin1;;
352;H418;7;2016-03-29;1;;;2018-08-21;Admin1;;
353;H1871;7;2016-04-29;1;;;2018-08-21;Admin1;;
354;G424;7;2016-05-29;1;;;2018-08-21;Admin1;;
355;T29916;7;2016-09-29;1;;;2018-08-21;Admin1;;
356;100632;7;2016-07-31;1;;;2018-08-21;Admin1;;
357;336;7;2016-07-31;1;;;2018-08-21;Admin1;;
358;337;7;2016-07-31;1;;;2018-08-21;Admin1;;
359;F0226;29;2015-04-01;1;;;2018-08-21;Admin1;;
360;F0227;29;2015-04-01;1;;;2018-08-21;Admin1;;
361;J001646;29;2016-10-06;1;;;2018-08-21;Admin1;;
362;G000161;29;2016-01-05;1;;;2018-08-21;Admin1;;
363;G000158;29;2016-01-05;1;;;2018-08-21;Admin1;;
364;HH00895;29;2016-12-05;1;;;2018-08-21;Admin1;;
365;F0464;29;2015-05-02;1;;;2018-08-21;Admin1;;
366;G000989;29;2016-02-05;1;;;2018-08-21;Admin1;;
367;A1797;29;2015-06-05;1;;;2018-08-21;Admin1;;
368;910;29;2016-02-06;1;;;2018-08-21;Admin1;;
369;33777;29;2015-03-06;1;;;2018-08-21;Admin1;;
370;H92;29;2016-05-07;1;;;2018-08-21;Admin1;;
371;C0426;29;2015-09-02;1;;;2018-08-21;Admin1;;
372;15082400004;24;2015-08-24;1;;;2018-08-21;Admin1;;
373;YGY05968;24;2015-07-07;1;;;2018-08-21;Admin1;;
374;16051700527;24;2016-05-17;1;;;2018-08-21;Admin1;;
375;smg01020/f16;24;2016-12-21;1;;;2018-08-21;Admin1;;
376;5062;24;2016-01-14;1;;;2018-08-21;Admin1;;
377;1310;24;2015-01-17;1;;;2018-08-21;Admin1;;
378;1526;24;2015-05-02;1;;;2018-08-21;Admin1;;
379;3925;24;2015-09-28;1;;;2018-08-21;Admin1;;
380;7577;24;2016-03-09;1;;;2018-08-21;Admin1;;
381;5981;24;2016-04-09;1;;;2018-08-21;Admin1;;
382;vr15080226;24;2015-06-08;1;;;2018-08-21;Admin1;;
383;vr15080201;29;2015-06-08;1;;;2018-08-21;Admin1;;
384;ak15080010;30;2015-06-08;1;;;2018-08-21;Admin1;;
385;VR16100354;30;2016-10-18;1;;;2018-08-21;Admin1;;
386;vr16050356;30;2016-05-11;1;;;2018-08-21;Admin1;;
387;FR1610203;30;2016-01-15;1;;;2018-08-21;Admin1;;
388;DJ16100743;30;2016-10-17;1;;;2018-08-21;Admin1;;
389;VR16020683;30;2016-02-17;1;;;2018-08-21;Admin1;;
390;FR16200273;30;2016-10-18;1;;;2018-08-21;Admin1;;
391;VR16030577;30;2016-03-18;1;;;2018-08-21;Admin1;;
392;FR16110324;30;2016-10-11;1;;;2018-08-21;Admin1;;
393;VR16110749;30;2016-11-19;1;;;2018-08-21;Admin1;;
394;VR16110753;31;2016-11-19;1;;;2018-08-21;Admin1;;
395;vr16120677;31;2016-12-21;1;;;2018-08-21;Admin1;;
396;VR16060903;31;2016-06-21;1;;;2018-08-21;Admin1;;
397;VR16060904;31;2016-06-21;1;;;2018-08-21;Admin1;;
398;VR16060911;31;2016-06-21;1;;;2018-08-21;Admin1;;
399;FR16010269;31;2016-01-22;1;;;2018-08-21;Admin1;;
400;VR16010874;33;2016-01-23;1;;;2018-08-21;Admin1;;
401;VR16010876;33;2016-01-22;1;;;2018-08-21;Admin1;;
402;VR16010915;33;2016-01-22;1;;;2018-08-21;Admin1;;
403;vr16040762;33;2016-04-22;1;;;2018-08-21;Admin1;;
404;FR16110358;33;2016-11-23;1;;;2018-08-21;Admin1;;
405;VR16110834;33;2016-11-23;1;;;2018-08-21;Admin1;;
406;VR16090827;33;2016-09-23;1;;;2018-08-21;Admin1;;
407;VA15110045;15;2015-11-24;1;;;2018-08-21;Admin1;;
408;VA15110046;15;2015-11-24;1;;;2018-08-21;Admin1;;
409;VR16030899;15;2016-03-24;1;;;2018-08-21;Admin1;;
410;VR16050971;15;2016-05-25;1;;;2018-08-21;Admin1;;
411;OJ16101421;15;2016-10-31;1;;;2018-08-21;Admin1;;
412;VR16030102;15;2016-03-03;1;;;2018-08-21;Admin1;;
413;VR16080082;15;2016-03-08;1;;;2018-08-21;Admin1;;
414;VR16020256;15;2016-02-05;1;;;2018-08-21;Admin1;;
415;VR15040081;15;2016-04-05;1;;;2018-08-21;Admin1;;
416;VR16100232;15;2016-10-07;1;;;2018-08-21;Admin1;;
417;VR15040233;15;2016-04-07;1;;;2018-08-21;Admin1;;
418;FR16040063;15;2016-04-07;1;;;2018-08-21;Admin1;;
419;VR16050292;15;2016-05-09;1;;;2018-08-21;Admin1;;
420;16 071900262;15;2016-07-19;1;;;2018-08-21;Admin1;;
421;16 012300810;15;2016-01-23;1;;;2018-08-21;Admin1;;
422;YGYSUR190/TI;15;2016-10-28;1;;;2018-08-21;Admin1;;
423;16 012801047;15;2016-01-28;1;;;2018-08-21;Admin1;;
424;16 020400106;15;2016-02-04;1;;;2018-08-21;Admin1;;
425;16 020500152;15;2016-02-05;1;;;2018-08-21;Admin1;;
426;16040600152;15;2016-04-06;1;;;2018-08-21;Admin1;;
427;YGYSUR180/TI;15;2016-11-08;1;;;2018-08-21;Admin1;;
428;F1777;15;2015-12-11;1;;;2018-08-21;Admin1;;
429;FR16010203;15;2016-01-15;1;;;2018-08-21;Admin1;;
430;G000752;15;2016-01-21;1;;;2018-08-21;Admin1;;
431;VR15120988;15;2015-12-28;1;;;2018-08-21;Admin1;;
432;VR16010058;32;2016-01-05;1;;;2018-08-21;Admin1;;
433;VR16010018;32;2016-01-05;1;;;2018-08-21;Admin1;;
434;VR15100326;32;2015-10-09;1;;;2018-08-21;Admin1;;
435;VR15100327;32;2015-10-09;1;;;2018-08-21;Admin1;;
436;VK-1504116;32;2015-04-18;1;;;2018-08-21;Admin1;;
437;F0335;4;2015-04-20;1;;;2018-08-21;Admin1;;
438;35334;4;2015-04-29;1;;;2018-08-21;Admin1;;
439;VK-1503423;4;2015-04-04;1;;;2018-08-21;Admin1;;
440;VRT29415;4;2015-04-29;1;;;2018-08-21;Admin1;;
441;VK1504742;4;2015-05-02;1;;;2018-08-21;Admin1;;
442;35962;4;2015-05-27;1;;;2018-08-21;Admin1;;
443;35963;4;2015-05-27;1;;;2018-08-21;Admin1;;
444;90;4;2016-03-15;1;;;2018-08-21;Admin1;;
445;132;4;2016-03-25;1;;;2018-08-21;Admin1;;
446;47;4;2016-03-09;1;;;2018-08-21;Admin1;;
447;75;4;2016-03-09;1;;;2018-08-21;Admin1;;
448;J-1503000175;4;2015-07-03;1;;;2018-08-21;Admin1;;
449;J1503000659;4;2015-03-27;1;;;2018-08-21;Admin1;;
450;AJM19917;4;2017-09-19;1;;;2018-08-21;Admin1;;
451;AJM5717;4;2017-07-05;1;;;2018-08-21;Admin1;;
452;FJ1708-01;4;2017-08-26;1;;;2018-08-21;Admin1;;
453;JT29417;4;2017-04-29;1;;;2018-08-21;Admin1;;
454;SJ0001708-0001;4;2017-08-31;1;;;2018-08-21;Admin1;;
455;KL1709-000047;4;2017-09-22;1;;;2018-08-21;Admin1;;
456;PJL0017802;4;2017-11-28;1;;;2018-08-21;Admin1;;
457;1341/JL/UTM/1217;4;2017-12-08;1;;;2018-08-21;Admin1;;
458;SN28717;4;2017-07-28;1;;;2018-08-21;Admin1;;
459;SN4317;4;2017-03-04;1;;;2018-08-21;Admin1;;
460;SN6117;4;2017-01-06;1;;;2018-08-21;Admin1;;
461;010256/B;4;2018-05-08;1;;;2018-08-21;Admin1;;
462;VK-1709381;4;2017-09-04;1;;;2018-08-21;Admin1;;
463;tj3617;18;2017-06-03;1;;;2018-08-21;Admin1;;
464;L34038;30;2014-11-24;1;;;2018-08-21;Admin1;;
465;L29248;30;2014-06-03;1;;;2018-08-21;Admin1;;
466;L29254;30;2014-06-03;1;;;2018-08-21;Admin1;;
467;L29255;30;2014-06-03;1;;;2018-08-21;Admin1;;
468;L29256;30;2014-06-03;1;;;2018-08-21;Admin1;;
469;L29257;30;2014-06-03;1;;;2018-08-21;Admin1;;
470;L29249;30;2014-06-03;1;;;2018-08-21;Admin1;;
471;L29250;30;2014-06-03;1;;;2018-08-21;Admin1;;
472;L29251;30;2014-06-03;1;;;2018-08-21;Admin1;;
473;L29252;30;2014-06-03;1;;;2018-08-21;Admin1;;
474;L29253;30;2014-06-03;1;;;2018-08-21;Admin1;;
475;L30927;30;2014-08-09;1;;;2018-08-21;Admin1;;
476;002159/14;6;2014-01-11;1;;;2018-08-21;Admin1;;
477;002164/14;6;2014-01-11;1;;;2018-08-21;Admin1;;
478;002167/14;6;2014-01-11;1;;;2018-08-21;Admin1;;
479;002169/14;6;2014-01-11;1;;;2018-08-21;Admin1;;
480;002169/15;6;2014-01-11;1;;;2018-08-21;Admin1;;
481;002169/16;6;2014-01-11;1;;;2018-08-21;Admin1;;
482;002169/17;6;2014-01-11;1;;;2018-08-21;Admin1;;
483;002169/18;6;2014-01-11;1;;;2018-08-21;Admin1;;
484;002169/19;6;2014-01-11;1;;;2018-08-21;Admin1;;
485;002169/20;6;2014-01-11;1;;;2018-08-21;Admin1;;
486;002169/21;6;2014-01-11;1;;;2018-08-21;Admin1;;
487;002169/22;6;2014-01-11;1;;;2018-08-21;Admin1;;
488;002169/23;6;2014-01-11;1;;;2018-08-21;Admin1;;
489;002169/24;6;2014-01-11;1;;;2018-08-21;Admin1;;
490;002169/25;6;2014-01-11;1;;;2018-08-21;Admin1;;
491;002172/14;6;2014-01-11;1;;;2018-08-21;Admin1;;
492;002172/15;6;2014-01-11;1;;;2018-08-21;Admin1;;
493;002172/16;6;2014-01-11;1;;;2018-08-21;Admin1;;
494;002172/17;6;2014-01-11;1;;;2018-08-21;Admin1;;
495;002172/18;6;2014-01-11;1;;;2018-08-21;Admin1;;
496;002172/19;6;2014-01-11;1;;;2018-08-21;Admin1;;
497;002172/20;6;2014-01-11;1;;;2018-08-21;Admin1;;
498;002172/21;6;2014-01-11;1;;;2018-08-21;Admin1;;
499;002172/22;6;2014-01-11;1;;;2018-08-21;Admin1;;
500;002172/23;6;2014-01-11;1;;;2018-08-21;Admin1;;
501;002172/24;6;2014-01-11;1;;;2018-08-21;Admin1;;
502;002172/25;6;2014-01-11;1;;;2018-08-21;Admin1;;
503;002174/14;6;2014-01-11;1;;;2018-08-21;Admin1;;
504;002174/15;6;2014-01-11;1;;;2018-08-21;Admin1;;
505;002174/16;6;2014-01-11;1;;;2018-08-21;Admin1;;
506;002174/17;6;2014-01-11;1;;;2018-08-21;Admin1;;
507;002174/18;6;2014-01-11;1;;;2018-08-21;Admin1;;
508;002174/19;6;2014-01-11;1;;;2018-08-21;Admin1;;
509;002174/20;6;2014-01-11;1;;;2018-08-21;Admin1;;
510;002174/21;6;2014-01-11;1;;;2018-08-21;Admin1;;
511;002174/22;6;2014-01-11;1;;;2018-08-21;Admin1;;
512;002174/23;6;2014-01-11;1;;;2018-08-21;Admin1;;
513;090926/13;6;2013-09-26;1;;;2018-08-21;Admin1;;
514;090930/13;6;2013-09-30;1;;;2018-08-21;Admin1;;
515;004724/14;6;2014-02-17;1;;;2018-08-21;Admin1;;
516;018139/14;6;2014-01-09;1;;;2018-08-21;Admin1;;
517;021597/14;6;2014-10-21;1;;;2018-08-21;Admin1;;
518;021598/14;6;2014-10-21;1;;;2018-08-21;Admin1;;
519;009047/14;6;2014-04-21;1;;;2018-08-21;Admin1;;
520;092937/13;6;2013-08-21;1;;;2018-08-21;Admin1;;
521;092938/13;6;2013-08-21;1;;;2018-08-21;Admin1;;
522;092940/13;6;2013-08-21;1;;;2018-08-21;Admin1;;
523;092941/13;6;2013-08-21;1;;;2018-08-21;Admin1;;
524;092942/13;6;2013-08-21;1;;;2018-08-21;Admin1;;
525;092943/13;6;2013-08-21;1;;;2018-08-21;Admin1;;
526;024022/14;6;2014-11-24;1;;;2018-08-21;Admin1;;
527;024023/14;6;2014-11-24;1;;;2018-08-21;Admin1;;
528;003284/14;6;2014-01-28;1;;;2018-08-21;Admin1;;
529;003285/14;6;2014-01-28;1;;;2018-08-21;Admin1;;
530;088782/13;6;2013-06-07;1;;;2018-08-21;Admin1;;
531;088792/13;6;2013-06-07;1;;;2018-08-21;Admin1;;
532;088794/13;6;2013-06-07;1;;;2018-08-21;Admin1;;
533;088796/13;6;2013-06-07;1;;;2018-08-21;Admin1;;
534;088783/13;6;2013-06-07;1;;;2018-08-21;Admin1;;
535;088798/13;6;2013-06-07;1;;;2018-08-21;Admin1;;
536;088800/13;6;2013-06-07;1;;;2018-08-21;Admin1;;
537;088802/13;6;2013-06-07;1;;;2018-08-21;Admin1;;
538;088803/13;6;2013-06-07;1;;;2018-08-21;Admin1;;
539;088813/13;6;2013-06-07;1;;;2018-08-21;Admin1;;
540;088815/13;6;2013-06-07;1;;;2018-08-21;Admin1;;
541;088816/13;6;2013-06-07;1;;;2018-08-21;Admin1;;
542;088818/13;6;2013-06-07;1;;;2018-08-21;Admin1;;
543;088804/13;6;2013-06-07;1;;;2018-08-21;Admin1;;
544;088806/13;6;2013-06-07;1;;;2018-08-21;Admin1;;
545;088784/13;6;2013-06-07;1;;;2018-08-21;Admin1;;
546;088809/13;6;2013-06-07;1;;;2018-08-21;Admin1;;
547;088810/13;6;2013-06-07;1;;;2018-08-21;Admin1;;
548;088812/13;6;2013-06-07;1;;;2018-08-21;Admin1;;
549;088820/13;6;2013-06-07;1;;;2018-08-21;Admin1;;
550;088822/13;6;2013-06-07;1;;;2018-08-21;Admin1;;
551;088823/13;6;2013-06-07;1;;;2018-08-21;Admin1;;
552;088785/13;6;2013-06-07;1;;;2018-08-21;Admin1;;
553;088786/13;6;2013-06-07;1;;;2018-08-21;Admin1;;
554;088788/13;6;2013-06-07;1;;;2018-08-21;Admin1;;
555;088790/13;6;2013-06-07;1;;;2018-08-21;Admin1;;
556;088791/13;6;2013-06-07;1;;;2018-08-21;Admin1;;
557;094358/13;6;2013-09-09;1;;;2018-08-21;Admin1;;
558;018699/14;6;2014-09-09;1;;;2018-08-21;Admin1;;
559;018702/14;6;2014-09-09;1;;;2018-08-21;Admin1;;
560;018700/14;6;2014-09-09;1;;;2018-08-21;Admin1;;
561;SP-1404232;12;2014-11-07;1;;;2018-08-21;Admin1;;
562;VK-1409725;12;2014-11-07;1;;;2018-08-21;Admin1;;
563;VK-1403617;12;2014-03-12;1;;;2018-08-21;Admin1;;
564;VK-1405367;12;2014-05-15;1;;;2018-08-21;Admin1;;
565;VK-1405454;12;2014-04-17;1;;;2018-08-21;Admin1;;
566;VK-1401138;12;2014-01-18;1;;;2018-08-21;Admin1;;
567;SP-1401040;12;2014-02-18;1;;;2018-08-21;Admin1;;
568;VK-1403897;12;2014-03-18;1;;;2018-08-21;Admin1;;
569;VK-1405569;12;2014-04-19;1;;;2018-08-21;Admin1;;
570;VK1415177;12;2014-11-20;1;;;2018-08-21;Admin1;;
571;VK1415178;12;2014-11-20;1;;;2018-08-21;Admin1;;
572;VK-1404121;12;2014-03-21;1;;;2018-08-21;Admin1;;
573;A533;12;2014-10-24;1;;;2018-08-21;Admin1;;
574;VK-1405882;12;2014-04-24;1;;;2018-08-21;Admin1;;
575;VK-1404780;12;2014-04-04;1;;;2018-08-21;Admin1;;
576;NOTA KETINGGALAN;20;2013-07-01;1;;;2018-08-21;Admin1;;
577;1640;20;2013-09-11;1;;;2018-08-21;Admin1;;
578;375;20;2013-12-12;1;;;2018-08-21;Admin1;;
579;1710;20;2013-09-12;1;;;2018-08-21;Admin1;;
580;1738;20;2013-09-14;1;;;2018-08-21;Admin1;;
581;475;20;2013-08-16;1;;;2018-08-21;Admin1;;
582;B0621;20;2014-08-16;1;;;2018-08-21;Admin1;;
583;1911;20;2013-09-17;1;;;2018-08-21;Admin1;;
584;28;20;2013-10-18;1;;;2018-08-21;Admin1;;
585;1672;20;2013-11-18;1;;;2018-08-21;Admin1;;
586;A787;20;2014-01-19;1;;;2018-08-21;Admin1;;
587;473;20;2013-12-02;1;;;2018-08-21;Admin1;;
588;1805;20;2013-07-21;1;;;2018-08-21;Admin1;;
589;198;20;2013-11-22;1;;;2018-08-21;Admin1;;
590;1811;20;2013-08-22;1;;;2018-08-21;Admin1;;
591;306;20;2013-10-23;1;;;2018-08-21;Admin1;;
592;C493;20;2014-01-24;1;;;2018-08-21;Admin1;;
593;1824;20;2013-08-24;1;;;2018-08-21;Admin1;;
594;1917;20;2013-07-25;1;;;2018-08-21;Admin1;;
595;1563;20;2013-07-26;1;;;2018-08-21;Admin1;;
596;C0246;20;2014-10-27;1;;;2018-08-21;Admin1;;
597;858;20;2013-06-27;1;;;2018-08-21;Admin1;;
598;326;20;2013-10-29;1;;;2018-08-21;Admin1;;
599;1847;20;2013-08-31;1;;;2018-08-21;Admin1;;
600;61;20;2013-10-04;1;;;2018-08-21;Admin1;;
601;202;20;2013-11-04;1;;;2018-08-21;Admin1;;
602;2013100119;1;2013-10-04;1;;;2018-08-21;Admin1;;
603;2013100140;1;2013-10-05;1;;;2018-08-21;Admin1;;
604;2013060075;1;2013-06-05;1;;;2018-08-21;Admin1;;
605;2013060088;1;2013-06-05;1;;;2018-08-21;Admin1;;
606;2013100210;1;2013-10-08;1;;;2018-08-21;Admin1;;
607;2013100023;1;2013-07-01;1;;;2018-08-21;Admin1;;
608;2013110382;1;2013-11-15;1;;;2018-08-21;Admin1;;
609;2013120486;1;2013-12-16;1;;;2018-08-21;Admin1;;
610;2013070548;1;2013-07-16;1;;;2018-08-21;Admin1;;
611;2013090414;1;2013-09-18;1;;;2018-08-21;Admin1;;
612;2013100486;1;2013-10-19;1;;;2018-08-21;Admin1;;
613;2013090085;1;2013-09-05;1;;;2018-08-21;Admin1;;
614;2013070184;1;2013-07-06;1;;;2018-08-21;Admin1;;
615;836;7;2013-10-14;1;;;2018-08-21;Admin1;;
616;681;7;2013-08-15;1;;;2018-08-21;Admin1;;
617;603;7;2014-07-18;1;;;2018-08-21;Admin1;;
618;1782;7;2013-11-22;1;;;2018-08-21;Admin1;;
619;894;7;2013-07-23;1;;;2018-08-21;Admin1;;
620;1303;7;2013-10-26;1;;;2018-08-21;Admin1;;
621;665;7;2013-12-27;1;;;2018-08-21;Admin1;;
622;402;7;2013-09-27;1;;;2018-08-21;Admin1;;
623;2842;7;2014-05-30;1;;;2018-08-21;Admin1;;
624;705;7;2013-07-30;1;;;2018-08-21;Admin1;;
625;628;7;2013-07-30;1;;;2018-08-21;Admin1;;
626;I/SL-002777;7;2014-03-04;1;;;2018-08-21;Admin1;;
627;I/SL-002811;7;2014-03-04;1;;;2018-08-21;Admin1;;
628;105;7;2013-09-05;1;;;2018-08-21;Admin1;;
629;3409;7;2014-08-12;1;;;2018-08-21;Admin1;;
630;1;23;2013-05-17;1;;;2018-08-21;Admin1;;
631;1556;36;2013-04-10;1;;;2018-08-21;Admin1;;
632;1474;36;2013-03-17;1;;;2018-08-21;Admin1;;
633;1480;36;2013-03-17;1;;;2018-08-21;Admin1;;
634;1481;36;2013-03-17;1;;;2018-08-21;Admin1;;
635;1492;36;2013-03-17;1;;;2018-08-21;Admin1;;
636;1489;36;2013-03-17;1;;;2018-08-21;Admin1;;
637;1490;36;2013-03-17;1;;;2018-08-21;Admin1;;
638;1487;36;2013-03-17;1;;;2018-08-21;Admin1;;
639;1475;36;2013-03-17;1;;;2018-08-21;Admin1;;
640;1488;36;2013-03-17;1;;;2018-08-21;Admin1;;
641;001456;36;2013-03-17;1;;;2018-08-21;Admin1;;
642;001457;36;2013-03-17;1;;;2018-08-21;Admin1;;
643;001478;36;2013-03-17;1;;;2018-08-21;Admin1;;
644;001479;36;2013-03-17;1;;;2018-08-21;Admin1;;
645;001482;36;2013-03-17;1;;;2018-08-21;Admin1;;
646;001483;36;2013-03-17;1;;;2018-08-21;Admin1;;
647;001486;36;2013-03-17;1;;;2018-08-21;Admin1;;
648;001491;36;2013-03-17;1;;;2018-08-21;Admin1;;
649;001493;36;2013-03-17;1;;;2018-08-21;Admin1;;
650;001494;36;2013-03-17;1;;;2018-08-21;Admin1;;
651;001495;36;2013-03-17;1;;;2018-08-21;Admin1;;
652;001496;36;2013-03-17;1;;;2018-08-21;Admin1;;
653;1484;36;2013-03-17;1;;;2018-08-21;Admin1;;
654;001451;36;2013-03-17;1;;;2018-08-21;Admin1;;
655;001452;36;2013-03-17;1;;;2018-08-21;Admin1;;
656;001453;36;2013-03-17;1;;;2018-08-21;Admin1;;
657;001454;36;2013-03-17;1;;;2018-08-21;Admin1;;
658;001455;36;2013-03-17;1;;;2018-08-21;Admin1;;
659;1458;36;2013-03-17;1;;;2018-08-21;Admin1;;
660;1459;36;2013-03-17;1;;;2018-08-21;Admin1;;
661;001460;36;2013-03-17;1;;;2018-08-21;Admin1;;
662;001461;36;2013-03-17;1;;;2018-08-21;Admin1;;
663;001462;36;2013-03-17;1;;;2018-08-21;Admin1;;
664;1476;36;2013-03-17;1;;;2018-08-21;Admin1;;
665;001463;36;2013-03-17;1;;;2018-08-21;Admin1;;
666;001464;36;2013-03-17;1;;;2018-08-21;Admin1;;
667;001465;36;2013-03-17;1;;;2018-08-21;Admin1;;
668;1466;36;2013-03-17;1;;;2018-08-21;Admin1;;
669;1467;36;2013-03-17;1;;;2018-08-21;Admin1;;
670;1468;36;2013-03-17;1;;;2018-08-21;Admin1;;
671;1469;36;2013-03-17;1;;;2018-08-21;Admin1;;
672;1470;36;2013-03-17;1;;;2018-08-21;Admin1;;
673;1471;36;2013-03-17;1;;;2018-08-21;Admin1;;
674;1472;36;2013-03-17;1;;;2018-08-21;Admin1;;
675;1473;36;2013-03-17;1;;;2018-08-21;Admin1;;
676;1477;36;2013-03-17;1;;;2018-08-21;Admin1;;
677;1485;36;2013-03-17;1;;;2018-08-21;Admin1;;
678;NOTA KETLINGSUT;36;2013-04-08;1;;;2018-08-21;Admin1;;
679;089770/13;37;2013-06-13;1;;;2018-08-21;Admin1;;
680;089851/13;37;2013-06-13;1;;;2018-08-21;Admin1;;
681;089852/13;37;2013-06-13;1;;;2018-08-21;Admin1;;
682;089850/13;37;2013-06-13;1;;;2018-08-21;Admin1;;
683;089853/13;37;2013-06-13;1;;;2018-08-21;Admin1;;
684;089854/13;37;2013-06-13;1;;;2018-08-21;Admin1;;
685;099562/14;37;2014-03-26;1;;;2018-08-21;Admin1;;
686;F42388/14;37;2014-03-26;1;;;2018-08-21;Admin1;;
687;089482/13;37;2013-06-04;1;;;2018-08-21;Admin1;;
688;089485/13;37;2013-06-04;1;;;2018-08-21;Admin1;;
689;089486/13;37;2013-06-04;1;;;2018-08-21;Admin1;;
690;089487/13;37;2013-06-04;1;;;2018-08-21;Admin1;;
691;089547/13;37;2013-06-04;1;;;2018-08-21;Admin1;;
692;089488/13;37;2013-06-04;1;;;2018-08-21;Admin1;;
693;089489/13;37;2013-06-04;1;;;2018-08-21;Admin1;;
694;38938;37;2013-06-04;1;;;2018-08-21;Admin1;;
695;089640/13;37;2013-06-07;1;;;2018-08-21;Admin1;;
696;089114/13;6;2013-06-13;1;;;2018-08-21;Admin1;;
697;089115/13;6;2013-06-13;1;;;2018-08-21;Admin1;;
698;089116/13;6;2013-06-13;1;;;2018-08-21;Admin1;;
699;089117/13;6;2013-06-13;1;;;2018-08-21;Admin1;;
700;089118/13;6;2013-06-13;1;;;2018-08-21;Admin1;;
701;089119/13;6;2013-06-13;1;;;2018-08-21;Admin1;;
702;089121/13;6;2013-06-13;1;;;2018-08-21;Admin1;;
703;089122/13;6;2013-06-13;1;;;2018-08-21;Admin1;;
704;088796/13;6;2013-06-07;1;;;2018-08-21;Admin1;;
705;088804/13;6;2013-06-07;1;;;2018-08-21;Admin1;;
706;018700/14;6;2014-09-09;1;;;2018-08-21;Admin1;;
707;SP-1403656;12;2014-12-06;1;;;2018-08-21;Admin1;;
708;sp-1403664;12;2014-06-13;1;;;2018-08-21;Admin1;;
709;VK-1406900;12;2014-05-14;1;;;2018-08-21;Admin1;;
710;SP-1403002;12;2014-05-14;1;;;2018-08-21;Admin1;;
711;vk-1405377;12;2014-04-18;1;;;2018-08-21;Admin1;;
712;SP-1403204;12;2014-05-22;1;;;2018-08-21;Admin1;;
713;VK-1407404;12;2014-05-22;1;;;2018-08-21;Admin1;;
714;VK-1410166;12;2014-08-08;1;;;2018-08-21;Admin1;;
715;SP-1404232;12;2014-11-07;1;;;2018-08-21;Admin1;;
716;VK-1409725;12;2014-11-07;1;;;2018-08-21;Admin1;;
717;VK-1415178;12;2014-11-20;1;;;2018-08-21;Admin1;;
718;VK-1415177;12;2014-11-20;1;;;2018-08-21;Admin1;;
719;VK-1413887;12;2014-10-24;1;;;2018-08-21;Admin1;;
720;SP-1405903;12;2014-10-24;1;;;2018-08-21;Admin1;;
721;CA-1400057;12;2014-10-24;1;;;2018-08-21;Admin1;;
722;VK-1413934;12;2014-10-27;1;;;2018-08-21;Admin1;;
723;SP-1404922;12;2014-05-09;1;;;2018-08-21;Admin1;;
724;VK-1411531;12;2014-05-09;1;;;2018-08-21;Admin1;;
725;SP-1404407;12;2014-07-08;1;;;2018-08-21;Admin1;;
726;480;20;2014-01-10;1;;;2018-08-21;Admin1;;
727;NOTA KETINGGALAN;20;2013-07-01;1;;;2018-08-21;Admin1;;
728;1640;20;2013-09-11;1;;;2018-08-21;Admin1;;
729;375;20;2013-12-12;1;;;2018-08-21;Admin1;;
730;A271;20;2013-12-18;1;;;2018-08-21;Admin1;;
731;413;20;2013-12-06;1;;;2018-08-21;Admin1;;
732;C02415;20;2014-12-07;1;;;2018-08-21;Admin1;;
733;B875;20;2014-07-12;1;;;2018-08-21;Admin1;;
734;1710;20;2013-09-12;1;;;2018-08-21;Admin1;;
735;1162;20;2014-03-14;1;;;2018-08-21;Admin1;;
736;A1223;20;2014-07-08;1;;;2018-08-21;Admin1;;
737;1631;20;2014-04-14;1;;;2018-08-21;Admin1;;
738;B0664;20;2014-08-14;1;;;2018-08-21;Admin1;;
739;1738;20;2013-09-14;1;;;2018-08-21;Admin1;;
740;963;20;2014-02-16;1;;;2018-08-21;Admin1;;
741;475;20;2013-08-16;1;;;2018-08-21;Admin1;;
742;B0621;20;2014-08-16;1;;;2018-08-21;Admin1;;
743;1187;20;2014-03-21;1;;;2018-08-21;Admin1;;
744;1187;20;2014-03-17;1;;;2018-08-21;Admin1;;
745;C3496;20;2014-04-17;1;;;2018-08-21;Admin1;;
746;A1495;20;2014-06-17;1;;;2018-08-21;Admin1;;
747;1911;20;2013-09-17;1;;;2018-08-21;Admin1;;
748;28;20;2013-10-18;1;;;2018-08-21;Admin1;;
749;179;20;2013-11-18;1;;;2018-08-21;Admin1;;
750;1672;20;2013-11-18;1;;;2018-08-21;Admin1;;
751;C0273;20;2014-11-18;1;;;2018-08-21;Admin1;;
752;1643;20;2014-04-18;1;;;2018-08-21;Admin1;;
753;B322;20;2014-09-18;1;;;2018-08-21;Admin1;;
754;A787;20;2014-01-19;1;;;2018-08-21;Admin1;;
755;B634;20;2014-08-19;1;;;2018-08-21;Admin1;;
756;c0225;20;2014-10-20;1;;;2018-08-21;Admin1;;
757;279;20;2013-12-20;1;;;2018-08-21;Admin1;;
758;1919;20;2013-09-20;1;;;2018-08-21;Admin1;;
759;t21113;20;2013-12-02;1;;;2018-08-21;Admin1;;
760;385;20;2014-01-02;1;;;2018-08-21;Admin1;;
761;1625;20;2014-02-21;1;;;2018-08-21;Admin1;;
762;1277;20;2014-02-21;1;;;2018-08-21;Admin1;;
763;1979;20;2014-03-21;1;;;2018-08-21;Admin1;;
764;21054;20;2014-04-21;1;;;2018-08-21;Admin1;;
765;A1739;20;2014-05-21;1;;;2018-08-21;Admin1;;
766;1805;20;2013-07-21;1;;;2018-08-21;Admin1;;
767;B429;20;2014-07-21;1;;;2018-08-21;Admin1;;
768;198;20;2013-11-22;1;;;2018-08-21;Admin1;;
769;959;20;2013-08-22;1;;;2018-08-21;Admin1;;
770;1811;20;2013-08-22;1;;;2018-08-21;Admin1;;
771;306;20;2013-10-23;1;;;2018-08-21;Admin1;;
772;A831;20;2014-01-24;1;;;2018-08-21;Admin1;;
773;C493;20;2014-01-24;1;;;2018-08-21;Admin1;;
774;D3173;20;2014-07-24;1;;;2018-08-21;Admin1;;
775;DO742;20;2014-11-20;1;;;2018-08-21;Admin1;;
776;1824;20;2013-08-24;1;;;2018-08-21;Admin1;;
777;120;20;2013-11-25;1;;;2018-08-21;Admin1;;
778;1917;20;2013-07-25;1;;;2018-08-21;Admin1;;
779;B990;20;2014-06-26;1;;;2018-08-21;Admin1;;
780;1563;20;2013-07-26;1;;;2018-08-21;Admin1;;
781;C0246;20;2014-10-27;1;;;2018-08-21;Admin1;;
782;134;20;2013-11-27;1;;;2018-08-21;Admin1;;
783;3631;20;2013-12-27;1;;;2018-08-21;Admin1;;
784;342;20;2013-12-27;1;;;2018-08-21;Admin1;;
785;2128;20;2013-05-27;1;;;2018-08-21;Admin1;;
786;858;20;2013-06-27;1;;;2018-08-21;Admin1;;
787;1812;20;2013-10-28;1;;;2018-08-21;Admin1;;
788;1061;20;2014-02-28;1;;;2018-08-21;Admin1;;
789;A593;20;2014-04-28;1;;;2018-08-21;Admin1;;
790;B689;20;2014-08-28;1;;;2018-08-21;Admin1;;
791;A1827;20;2014-05-29;1;;;2018-08-21;Admin1;;
792;326;20;2013-10-29;1;;;2018-08-21;Admin1;;
793;350;20;2013-01-29;1;;;2018-08-21;Admin1;;
794;3117;20;2014-04-29;1;;;2018-08-21;Admin1;;
795;1041;20;2014-03-30;1;;;2018-08-21;Admin1;;
796;266;20;2013-09-30;1;;;2018-08-21;Admin1;;
797;1847;20;2013-08-31;1;;;2018-08-21;Admin1;;
798;B535;20;2014-03-07;1;;;2018-08-21;Admin1;;
799;B160;20;2014-03-09;1;;;2018-08-21;Admin1;;
800;B161;20;2014-03-09;1;;;2018-08-21;Admin1;;
801;61;20;2013-10-04;1;;;2018-08-21;Admin1;;
802;202;20;2013-11-04;1;;;2018-08-21;Admin1;;
803;90;20;2014-01-04;1;;;2018-08-21;Admin1;;
804;1029;20;2013-07-04;1;;;2018-08-21;Admin1;;
805;1411;20;2014-06-04;1;;;2018-08-21;Admin1;;
806;2259;20;2013-05-11;1;;;2018-08-21;Admin1;;
807;507;20;2014-07-05;1;;;2018-08-21;Admin1;;
808;C812;20;2014-02-05;1;;;2018-08-21;Admin1;;
809;A862;20;2014-02-05;1;;;2018-08-21;Admin1;;
810;1562;20;2014-04-05;1;;;2018-08-21;Admin1;;
811;A1545;20;2014-06-10;1;;;2018-08-21;Admin1;;
812;217;20;2013-11-06;1;;;2018-08-21;Admin1;;
813;1864;20;2013-06-05;1;;;2018-08-21;Admin1;;
814;B785;20;2014-07-08;1;;;2018-08-21;Admin1;;
815;B786;20;2014-07-08;1;;;2018-08-21;Admin1;;
816;B787;20;2014-08-07;1;;;2018-08-21;Admin1;;
817;B000041;20;2014-08-10;1;;;2018-08-21;Admin1;;
818;473;20;2014-01-08;1;;;2018-08-21;Admin1;;
819;C0076;20;2014-08-12;1;;;2018-08-21;Admin1;;
820;C0077;20;2014-08-12;1;;;2018-08-21;Admin1;;
821;667;20;2014-08-03;1;;;2018-08-21;Admin1;;
822;B917;20;2014-07-08;1;;;2018-08-21;Admin1;;
823;VR15100326;23;2014-06-09;1;;;2018-08-21;Admin1;;
824;1497;36;2013-04-18;1;;;2018-08-21;Admin1;;
825;1498;36;2013-04-18;1;;;2018-08-21;Admin1;;
826;4001806950;9;2015-01-21;1;;;2018-08-21;Admin1;;
827;4001806972;9;2015-01-21;1;;;2018-08-21;Admin1;;
828;4001885218;9;2015-01-21;1;;;2018-08-21;Admin1;;
829;4001936763;9;2015-07-05;1;;;2018-08-21;Admin1;;
830;40016806967;9;2015-01-21;1;;;2018-08-21;Admin1;;
831;4002026229;9;2015-07-23;1;;;2018-08-21;Admin1;;
832;4002022720;9;2015-07-13;1;;;2018-08-21;Admin1;;
833;3443;7;2014-08-14;1;;;2018-08-21;Admin1;;
834;4651;7;2014-08-21;1;;;2018-08-21;Admin1;;
835;3409;7;2014-08-12;1;;;2018-08-21;Admin1;;
836;ajv290814;7;2014-08-29;1;;;2018-08-21;Admin1;;
837;1469;36;2013-03-17;1;;;2018-08-21;Admin1;;
838;1557;36;2013-06-25;1;;;2018-08-21;Admin1;;
839;FJ1601-000171-F;5;2016-01-05;1;;;2018-08-21;Admin1;;
840;jt180816;5;2016-08-18;1;;;2018-08-21;Admin1;;
841;FJ1608-001699-D;5;2016-08-18;1;;;2018-08-21;Admin1;;
842;FJ1801-000001-F;5;2018-01-02;1;;;2018-08-21;Admin1;;
843;F0121656;5;2014-06-04;1;;;2018-08-21;Admin1;;
844;089483/13;37;2013-06-04;1;;;2018-08-21;Admin1;;
845;089718/13;37;2013-06-07;1;;;2018-08-21;Admin1;;
846;089719/13;37;2013-06-07;1;;;2018-08-21;Admin1;;
847;089484/13;37;2013-06-04;1;;;2018-08-21;Admin1;;
848;089482/13;37;2013-06-04;1;;;2018-08-21;Admin1;;
849;089640/13;37;2013-06-07;1;;;2018-08-21;Admin1;;
850;089720/13;37;2013-06-07;1;;;2018-08-21;Admin1;;
851;089485/13;37;2013-06-04;1;;;2018-08-21;Admin1;;
852;089721/13;37;2013-06-07;1;;;2018-08-21;Admin1;;
853;089770/13;37;2013-06-07;1;;;2018-08-21;Admin1;;
854;64501;6;2016-06-30;1;;;2018-08-21;Admin1;;
855;64502;6;2016-06-30;1;;;2018-08-21;Admin1;;
856;064501/16;6;2016-06-30;1;;;2018-08-21;Admin1;;
857;039078/15;6;2015-07-04;1;;;2018-08-21;Admin1;;
858;SP-1404232;12;2014-11-07;1;;;2018-08-21;Admin1;;
859;SP-1403656;12;2014-12-06;1;;;2018-08-21;Admin1;;
860;VK-1408440;12;2014-06-13;1;;;2018-08-21;Admin1;;
861;sp-1403664;12;2014-06-13;1;;;2018-08-21;Admin1;;
862;VK-1405553;12;2014-04-17;1;;;2018-08-21;Admin1;;
863;SP-1402417;12;2014-04-17;1;;;2018-08-21;Admin1;;
864;VK-1405454;12;2014-04-17;1;;;2018-08-21;Admin1;;
865;SP-1400301;12;2014-01-18;1;;;2018-08-21;Admin1;;
866;SP-1400801;12;2014-01-18;1;;;2018-08-21;Admin1;;
867;VK-1401138;12;2014-01-18;1;;;2018-08-21;Admin1;;
868;VK-1402338;12;2014-02-18;1;;;2018-08-21;Admin1;;
869;SP-1401040;12;2014-02-18;1;;;2018-08-21;Admin1;;
870;VK-1407404;12;2014-05-22;1;;;2018-08-21;Admin1;;
871;SP-1403204;12;2014-05-22;1;;;2018-08-21;Admin1;;
872;VK1505753;12;2015-05-26;1;;;2018-08-21;Admin1;;
873;VK-170494;12;2017-04-29;1;;;2018-08-21;Admin1;;
874;VK-1502475;12;2015-03-12;1;;;2018-08-21;Admin1;;
875;vk-1404781;12;2014-04-04;1;;;2018-08-21;Admin1;;
876;SP-1404922;12;2014-05-09;1;;;2018-08-21;Admin1;;
877;VK-1411531;12;2014-05-09;1;;;2018-08-21;Admin1;;
878;VK1603036;12;2016-03-07;1;;;2018-08-21;Admin1;;
879;034349/15;6;2015-04-30;1;;;2018-08-21;Admin1;;
880;1361;20;2013-07-11;1;;;2018-08-21;Admin1;;
881;NOTA KETINGGALAN;20;2013-07-01;1;;;2018-08-21;Admin1;;
882;C0666;20;2015-01-02;1;;;2018-08-21;Admin1;;
883;3468;20;2014-04-14;1;;;2018-08-21;Admin1;;
884;1631;20;2014-04-14;1;;;2018-08-21;Admin1;;
885;1293;20;2014-04-14;1;;;2018-08-21;Admin1;;
886;T14816;20;2016-08-14;1;;;2018-08-21;Admin1;;
887;T30816;20;2016-09-30;1;;;2018-08-21;Admin1;;
888;T300916;20;2016-09-30;1;;;2018-08-21;Admin1;;
889;1274;20;2014-02-16;1;;;2018-08-21;Admin1;;
890;963;20;2014-02-16;1;;;2018-08-21;Admin1;;
891;A1495;20;2014-06-17;1;;;2018-08-21;Admin1;;
892;C0273;20;2014-11-18;1;;;2018-08-21;Admin1;;
893;D0712;20;2014-11-18;1;;;2018-08-21;Admin1;;
894;1277;20;2014-02-21;1;;;2018-08-21;Admin1;;
895;1806;20;2013-07-21;1;;;2018-08-21;Admin1;;
896;1805;20;2013-07-21;1;;;2018-08-21;Admin1;;
897;1728;20;2016-04-24;1;;;2018-08-21;Admin1;;
898;300;20;2016-04-24;1;;;2018-08-21;Admin1;;
899;1921;20;2014-02-28;1;;;2018-08-21;Admin1;;
900;1061;20;2014-02-28;1;;;2018-08-21;Admin1;;
901;326;20;2013-10-29;1;;;2018-08-21;Admin1;;
902;t291013;20;2013-10-29;1;;;2018-08-21;Admin1;;
903;B160;20;2014-03-09;1;;;2018-08-21;Admin1;;
904;33777;20;2015-03-06;1;;;2018-08-21;Admin1;;
905;B785;20;2014-07-08;1;;;2018-08-21;Admin1;;
906;VR16020683;23;2016-02-17;1;;;2018-08-21;Admin1;;
907;VR16030577;23;2016-03-18;1;;;2018-08-21;Admin1;;
908;VR16030678;23;2016-03-18;1;;;2018-08-21;Admin1;;
909;VR16030898;23;2016-03-24;1;;;2018-08-21;Admin1;;
910;VR16030899;23;2016-03-24;1;;;2018-08-21;Admin1;;
911;VR16020257;23;2016-02-05;1;;;2018-08-21;Admin1;;
912;VR16020256;23;2016-02-05;1;;;2018-08-21;Admin1;;
913;F0335;20;2015-04-20;1;;;2018-08-21;Admin1;;
914;bmm250613;36;2013-06-25;1;;;2018-08-21;Admin1;;
915;mm10816;15;2006-10-08;1;;;2018-08-21;Admin1;;
916;MM22217;15;2017-02-22;1;;;2018-08-21;Admin1;;
917;BMM25613;36;2013-06-25;1;;;2018-08-21;Admin1;;
918;41432;36;2013-06-07;1;;;2018-08-21;Admin1;;
919;JT_18116;5;2016-01-18;1;;;2018-08-21;Admin1;;
920;JT0089796;5;2016-12-02;1;;;2018-08-21;Admin1;;
921;JT0089729;5;2016-12-02;1;;;2018-08-21;Admin1;;
922;JT0089730;5;2016-12-02;1;;;2018-08-21;Admin1;;
923;FJ1507-000322-D;5;2015-07-06;1;;;2018-08-21;Admin1;;
924;JT-0042421;5;2015-02-21;1;;;2018-08-21;Admin1;;
925;FD0124909;5;2014-08-14;1;;;2018-08-21;Admin1;;
926;JT 026798;5;2013-12-19;1;;;2018-08-21;Admin1;;
927;F0120944;5;2014-05-19;1;;;2018-08-21;Admin1;;
928;FJI1307-001133;5;2013-07-22;1;;;2018-08-21;Admin1;;
929;FJI309-001365;5;2013-09-25;1;;;2018-08-21;Admin1;;
930;JT62551;5;2016-03-26;1;;;2018-08-21;Admin1;;
931;1297;2;2018-05-02;1;;;2018-08-21;Admin1;;
932;menyanan;38;2016-08-11;1;;;2018-08-21;Admin1;;
933;jt281114;5;2014-11-28;1;;;2018-08-21;Admin1;;
934;JT 36958;5;2014-11-28;1;;;2018-08-21;Admin1;;
935;JT 42900;5;2015-02-28;1;;;2018-08-21;Admin1;;
936;fj1609-002964-F;5;2016-09-29;1;;;2018-08-21;Admin1;;
937;FSUR-00001;5;2015-10-29;1;;;2018-08-21;Admin1;;
938;FJI1310-001629;5;2013-10-30;1;;;2018-08-21;Admin1;;
939;F0120216;5;2014-05-03;1;;;2018-08-21;Admin1;;
940;JT62552;5;2016-04-06;1;;;2018-08-21;Admin1;;
941;JT069390;5;2016-04-06;1;;;2018-08-21;Admin1;;
942;JT7516;5;2015-05-07;1;;;2018-08-21;Admin1;;
943;JT 27806;5;2014-01-08;1;;;2018-08-21;Admin1;;
944;JTC18816;5;2016-08-18;1;;;2018-08-21;Admin1;;
945;MBL-S116K-0536/SUG;4;2016-11-16;1;;;2018-08-21;Admin1;;
946;OM4816;4;2016-04-08;1;;;2018-08-21;Admin1;;
947;MBL.SI17I-0051/SUG;4;2017-09-05;1;;;2018-08-21;Admin1;;
948;11180201482;8;2018-02-13;1;;;2018-08-21;Admin1;;
949;AJM9217;7;2017-02-09;1;;;2018-08-21;Admin1;;
950;FA3-15-1221/002;29;2015-12-21;1;;;2018-08-21;Admin1;;
951;GM211216;14;2016-12-21;1;;;2018-08-21;Admin1;;
952;1550;22;2015-02-06;1;;;2018-08-21;Admin1;;
953;2063;22;2015-03-25;1;;;2018-08-21;Admin1;;
954;2261;22;2015-04-14;1;;;2018-08-21;Admin1;;
955;2191;22;2015-04-08;1;;;2018-08-21;Admin1;;
956;1681;22;2015-02-18;1;;;2018-08-21;Admin1;;
957;MA5117;31;2017-01-05;1;;;2018-08-21;Admin1;;
958;12180200679;8;2018-02-13;1;;;2018-08-21;Admin1;;
959;RJL 0003255;18;2015-11-10;1;;;2018-08-21;Admin1;;
960;RJM;18;19 0CTO 2016;1;;;2018-08-21;Admin1;;
961;RJ191216;18;2016-12-19;1;;;2018-08-21;Admin1;;
962;PJL0007127;18;2016-04-08;1;;;2018-08-21;Admin1;;
963;095501/17;6;2017-09-22;1;;;2018-08-21;Admin1;;
964;SN251017;6;2017-10-25;1;;;2018-08-21;Admin1;;
965;SR2118;21;2018-01-02;1;;;2018-08-21;Admin1;;
966;SB161216;39;2016-12-16;1;;;2018-08-21;Admin1;;
967;SB191215_1;39;2015-12-19;1;;;2018-08-21;Admin1;;
968;SB191215_2;39;2015-12-19;1;;;2018-08-21;Admin1;;
969;SB191215_3;39;2015-12-19;1;;;2018-08-21;Admin1;;
970;SB191215_4;39;2015-12-19;1;;;2018-08-21;Admin1;;
971;SB191215_5;39;2015-12-19;1;;;2018-08-21;Admin1;;
972;SB6116_1;39;2016-01-06;1;;;2018-08-21;Admin1;;
973;SB6116_2;39;2016-01-06;1;;;2018-08-21;Admin1;;
974;SB6116_3;39;2016-01-06;1;;;2018-08-21;Admin1;;
975;SHB4416;39;2016-04-04;1;;;2018-08-21;Admin1;;
976;VK-1500840;12;2015-01-23;1;;;2018-08-21;Admin1;;
977;SP27214;12;2014-02-27;1;;;2018-08-21;Admin1;;
978;VK 1501151;12;2015-01-30;1;;;2018-08-21;Admin1;;
979;SP 15000419;12;2015-01-30;1;;;2018-08-21;Admin1;;
980;HH100;20;2016-04-10;1;;;2018-08-21;Admin1;;
981;T14216;20;2016-02-14;1;;;2018-08-21;Admin1;;
982;385;20;2014-01-02;1;;;2018-08-21;Admin1;;
983;3361;22;2017-12-04;1;;;2018-08-21;Admin1;;
984;2574;22;2017-09-11;1;;;2018-08-21;Admin1;;
985;4037;22;2018-02-12;1;;;2018-08-21;Admin1;;
986;3130;22;2017-11-13;1;;;2018-08-21;Admin1;;
987;10111;22;2014-08-14;1;;;2018-08-21;Admin1;;
988;8137;22;2013-12-18;1;;;2018-08-21;Admin1;;
989;8417;22;2014-01-22;1;;;2018-08-21;Admin1;;
990;3834;22;2018-01-22;1;;;2018-08-21;Admin1;;
991;4139;22;2018-02-23;1;;;2018-08-21;Admin1;;
992;4456;22;2018-03-24;1;;;2018-08-21;Admin1;;
993;1181;22;2017-05-02;1;;;2018-08-21;Admin1;;
994;1103;22;2014-12-29;1;;;2018-08-21;Admin1;;
995;8463;22;2014-01-30;1;;;2018-08-21;Admin1;;
996;8990;22;2014-04-10;1;;;2018-08-21;Admin1;;
997;8726;22;2014-05-06;1;;;2018-08-21;Admin1;;
998;9501;22;2014-06-10;1;;;2018-08-21;Admin1;;
999;TR19817;20;2017-08-19;1;;;2018-08-21;Admin1;;
